date,tmax,tmin,precip,tmean
2014-01-01,12.2,-1.6,0.5,5.3
2014-01-02,11.1,-4.3,3.3,3.4
2014-01-03,1.7,-7.1,0.0,-2.6999999999999997
2014-01-04,10.6,-2.7,0.0,3.9499999999999997
2014-01-05,11.1,-7.7,12.4,1.6999999999999997
2014-01-06,-7.8,-12.1,0.0,-9.95
2014-01-07,-1.6,-13.2,0.0,-7.3999999999999995
2014-01-08,6.7,-6.6,0.3,0.050000000000000266
2014-01-09,8.3,0.6,13.0,4.45
2014-01-10,15.0,7.2,36.1,11.1
2014-01-11,14.4,4.4,2.3,9.4
2014-01-12,16.7,0.0,0.0,8.35
2014-01-13,15.0,6.1,12.4,10.55
2014-01-14,16.1,0.6,0.0,8.350000000000001
2014-01-15,6.1,-4.3,0.0,0.8999999999999999
2014-01-16,12.2,-3.8,0.0,4.199999999999999
2014-01-17,6.1,-3.8,0.0,1.15
2014-01-18,12.8,-6.6,0.0,3.1000000000000005
2014-01-19,10.0,-1.0,0.0,4.5
2014-01-20,17.8,1.1,0.0,9.450000000000001
2014-01-21,8.9,-6.6,0.0,1.1500000000000004
2014-01-22,3.9,-8.8,0.0,-2.45
2014-01-23,0.6,-8.2,0.0,-3.8
2014-01-24,0.0,-12.7,0.0,-6.35
2014-01-25,11.7,-1.6,0.0,5.05
2014-01-26,17.8,-2.1,0.0,7.8500000000000005
2014-01-27,11.1,-6.0,0.0,2.55
2014-01-28,-3.8,-9.3,0.0,-6.550000000000001
2014-01-29,1.7,-12.1,0.0,-5.2
2014-01-30,7.8,-7.7,0.0,0.04999999999999982
2014-01-31,14.4,5.0,0.0,9.7
2014-02-01,21.1,11.1,0.0,16.1
2014-02-02,17.8,-1.0,40.1,8.4
2014-02-03,-0.5,-3.8,0.0,-2.15
2014-02-04,1.7,-1.0,73.2,0.35
2014-02-05,1.7,-2.7,0.0,-0.5000000000000001
2014-02-06,-2.1,-6.6,0.0,-4.35
2014-02-07,-2.1,-7.1,0.0,-4.6
2014-02-08,2.8,-2.7,1.0,0.04999999999999982
2014-02-09,3.9,0.6,0.0,2.25
2014-02-10,2.8,-3.2,0.0,-0.20000000000000018
2014-02-11,2.2,-7.1,0.0,-2.4499999999999997
2014-02-12,1.1,-2.7,0.3,-0.8
2014-02-13,10.6,-4.9,0.0,2.8499999999999996
2014-02-14,10.6,1.1,6.6,5.85
2014-02-15,7.8,-3.8,0.0,2.0
2014-02-16,16.1,1.7,0.0,8.9
2014-02-17,21.1,5.0,0.5,13.05
2014-02-18,22.8,2.8,0.0,12.8
2014-02-19,20.6,15.0,0.8,17.8
2014-02-20,23.3,6.7,0.0,15.0
2014-02-21,15.6,3.3,0.0,9.45
2014-02-22,19.4,1.7,0.0,10.549999999999999
2014-02-23,16.7,4.4,0.0,10.55
2014-02-24,10.6,0.0,0.0,5.3
2014-02-25,12.8,2.8,2.0,7.800000000000001
2014-02-26,2.8,-4.3,0.0,-0.75
2014-02-27,9.4,-5.5,0.0,1.9500000000000002
2014-02-28,13.9,-0.5,1.5,6.7
2014-03-01,21.7,8.3,0.0,15.0
2014-03-02,18.3,-0.5,60.7,8.9
2014-03-03,-0.5,-9.3,0.3,-4.9
2014-03-04,1.1,-7.1,0.0,-3.0
2014-03-05,4.4,-1.0,0.0,1.7000000000000002
2014-03-06,5.6,0.6,0.0,3.0999999999999996
2014-03-07,15.6,-1.6,0.0,7.0
2014-03-08,18.9,3.3,0.0,11.1
2014-03-09,11.7,5.0,0.0,8.35
2014-03-10,20.0,2.2,0.0,11.1
2014-03-11,25.0,10.0,0.0,17.5
2014-03-12,18.3,6.1,0.0,12.2
2014-03-13,17.8,0.6,0.0,9.200000000000001
2014-03-14,18.3,7.2,0.0,12.75
2014-03-15,20.0,7.2,1.5,13.6
2014-03-16,15.0,2.2,10.2,8.6
2014-03-17,8.9,0.6,0.0,4.75
2014-03-18,17.2,0.6,0.0,8.9
2014-03-19,17.8,8.9,0.0,13.350000000000001
2014-03-20,19.4,4.4,0.0,11.899999999999999
2014-03-21,22.8,5.0,0.0,13.9
2014-03-22,20.6,8.9,3.6,14.75
2014-03-23,12.2,5.0,1.0,8.6
2014-03-24,13.9,1.7,0.0,7.8
2014-03-25,10.6,3.9,0.0,7.25
2014-03-26,14.4,-0.5,0.0,6.95
2014-03-27,21.1,9.4,26.4,15.25
2014-03-28,23.9,14.4,79.8,19.15
2014-03-29,15.0,6.1,4.1,10.55
2014-03-30,18.9,2.8,0.0,10.85
2014-03-31,25.0,6.1,0.0,15.55
2014-04-01,25.6,13.3,0.0,19.450000000000003
2014-04-02,26.7,16.7,0.0,21.7
2014-04-03,27.8,20.0,0.5,23.9
2014-04-04,23.9,8.9,13.5,16.4
2014-04-05,13.9,5.6,0.0,9.75
2014-04-06,16.1,6.7,15.2,11.4
2014-04-07,12.8,6.1,4.6,9.45
2014-04-08,17.2,5.6,0.0,11.399999999999999
2014-04-09,20.0,6.1,0.0,13.05
2014-04-10,25.6,10.6,0.0,18.1
2014-04-11,25.0,15.6,0.0,20.3
2014-04-12,26.1,13.9,0.0,20.0
2014-04-13,25.0,18.9,2.8,21.95
2014-04-14,19.4,5.6,27.2,12.5
2014-04-15,11.1,2.2,0.0,6.65
2014-04-16,17.2,2.8,0.0,10.0
2014-04-17,21.7,6.7,0.0,14.2
2014-04-18,23.3,12.8,0.0,18.05
2014-04-19,26.1,10.6,0.0,18.35
2014-04-20,27.2,10.0,0.0,18.6
2014-04-21,25.6,16.1,0.3,20.85
2014-04-22,25.0,13.9,1.0,19.45
2014-04-23,25.6,10.6,0.0,18.1
2014-04-24,28.3,12.2,24.6,20.25
2014-04-25,24.4,12.2,0.0,18.299999999999997
2014-04-26,28.3,11.1,0.0,19.7
2014-04-27,22.2,18.3,56.9,20.25
2014-04-28,24.4,15.6,9.4,20.0
2014-04-29,22.2,12.2,0.0,17.2
2014-04-30,14.4,8.3,0.0,11.350000000000001
2014-05-01,20.0,6.7,0.0,13.35
2014-05-02,21.7,9.4,0.0,15.55
2014-05-03,26.1,10.0,0.0,18.05
2014-05-04,31.1,15.0,0.0,23.05
2014-05-05,30.0,17.2,0.0,23.6
2014-05-06,28.9,16.7,0.0,22.799999999999997
2014-05-07,28.9,17.8,0.0,23.35
2014-05-08,29.4,20.0,0.5,24.7
2014-05-09,25.0,18.3,8.9,21.65
2014-05-10,29.4,17.8,0.0,23.6
2014-05-11,31.1,21.1,0.0,26.1
2014-05-12,31.7,22.2,0.0,26.95
2014-05-13,28.3,16.1,4.1,22.200000000000003
2014-05-14,16.1,8.9,19.8,12.5
2014-05-15,20.0,8.9,0.8,14.45
2014-05-16,22.2,7.8,0.0,15.0
2014-05-17,16.1,10.6,20.1,13.350000000000001
2014-05-18,20.0,12.8,11.7,16.4
2014-05-19,28.3,14.4,0.0,21.35
2014-05-20,29.4,18.9,0.0,24.15
2014-05-21,30.0,21.7,0.0,25.85
2014-05-22,31.1,18.9,0.0,25.0
2014-05-23,30.6,18.9,0.0,24.75
2014-05-24,31.7,20.6,0.0,26.15
2014-05-25,30.6,21.7,0.0,26.15
2014-05-26,31.7,21.1,0.0,26.4
2014-05-27,29.4,20.0,23.6,24.7
2014-05-28,27.2,20.0,6.4,23.6
2014-05-29,25.0,20.6,10.2,22.8
2014-05-30,29.4,21.7,2.8,25.549999999999997
2014-05-31,30.6,20.6,1.0,25.6
2014-06-01,31.7,21.7,3.8,26.7
2014-06-02,30.0,22.2,0.0,26.1
2014-06-03,31.7,22.8,0.0,27.25
2014-06-04,31.1,23.3,0.0,27.200000000000003
2014-06-05,30.6,20.6,3.6,25.6
2014-06-06,31.7,21.1,7.6,26.4
2014-06-07,32.8,21.7,0.8,27.25
2014-06-08,28.9,20.6,26.4,24.75
2014-06-09,28.9,19.4,46.0,24.15
2014-06-10,26.7,20.0,6.9,23.35
2014-06-11,27.2,18.9,0.0,23.049999999999997
2014-06-12,30.6,18.9,15.2,24.75
2014-06-13,28.3,20.6,0.0,24.450000000000003
2014-06-14,30.0,16.7,0.0,23.35
2014-06-15,32.2,20.6,0.0,26.400000000000002
2014-06-16,32.2,22.8,0.0,27.5
2014-06-17,32.8,24.4,0.0,28.599999999999998
2014-06-18,32.2,24.4,0.0,28.3
2014-06-19,33.3,23.3,0.0,28.299999999999997
2014-06-20,33.9,24.4,0.0,29.15
2014-06-21,34.4,23.9,0.0,29.15
2014-06-22,33.3,22.8,0.0,28.049999999999997
2014-06-23,31.7,22.2,5.8,26.95
2014-06-24,29.4,21.7,6.9,25.549999999999997
2014-06-25,31.1,21.1,37.3,26.1
2014-06-26,28.9,21.7,0.0,25.299999999999997
2014-06-27,27.8,22.8,0.0,25.3
2014-06-28,30.6,21.7,31.0,26.15
2014-06-29,29.4,20.6,149.1,25.0
2014-06-30,32.2,25.0,0.0,28.6
2014-07-01,32.8,22.8,0.3,27.799999999999997
2014-07-02,31.7,20.6,2.3,26.15
2014-07-03,27.8,20.0,0.0,23.9
2014-07-04,28.3,17.8,0.0,23.05
2014-07-05,30.0,17.8,0.0,23.9
2014-07-06,30.6,18.3,0.0,24.450000000000003
2014-07-07,32.8,23.3,0.0,28.049999999999997
2014-07-08,32.2,23.3,21.6,27.75
2014-07-09,29.4,22.8,0.8,26.1
2014-07-10,32.2,21.7,0.0,26.950000000000003
2014-07-11,31.7,24.4,0.3,28.049999999999997
2014-07-12,34.4,23.3,0.0,28.85
2014-07-13,33.9,23.9,0.0,28.9
2014-07-14,35.0,22.8,14.2,28.9
2014-07-15,27.2,19.4,0.0,23.299999999999997
2014-07-16,26.7,16.7,0.0,21.7
2014-07-17,25.6,18.9,2.0,22.25
2014-07-18,20.6,18.3,7.1,19.450000000000003
2014-07-19,26.1,18.9,0.0,22.5
2014-07-20,28.9,19.4,0.0,24.15
2014-07-21,30.6,19.4,0.0,25.0
2014-07-22,33.3,21.7,0.0,27.5
2014-07-23,34.4,22.2,16.3,28.299999999999997
2014-07-24,28.3,21.7,0.0,25.0
2014-07-25,30.6,18.9,0.0,24.75
2014-07-26,33.9,21.7,0.0,27.799999999999997
2014-07-27,33.9,26.1,0.0,30.0
2014-07-28,30.0,22.8,0.0,26.4
2014-07-29,27.8,17.8,0.0,22.8
2014-07-30,29.4,17.2,0.0,23.299999999999997
2014-07-31,27.8,21.7,0.3,24.75
2014-08-01,30.6,21.7,0.0,26.15
2014-08-02,32.8,21.7,0.0,27.25
2014-08-03,33.3,22.8,0.0,28.049999999999997
2014-08-04,33.3,21.7,0.0,27.5
2014-08-05,34.4,21.7,0.0,28.049999999999997
2014-08-06,34.4,23.3,0.0,28.85
2014-08-07,33.3,23.3,11.2,28.299999999999997
2014-08-08,31.1,23.3,1.0,27.200000000000003
2014-08-09,32.2,24.4,8.1,28.3
2014-08-10,33.9,23.9,0.0,28.9
2014-08-11,32.2,23.9,0.0,28.05
2014-08-12,30.0,22.8,0.0,26.4
2014-08-13,29.4,18.9,0.0,24.15
2014-08-14,30.6,17.2,0.0,23.9
2014-08-15,32.2,18.3,0.0,25.25
2014-08-16,32.8,19.4,0.0,26.099999999999998
2014-08-17,33.3,25.0,0.0,29.15
2014-08-18,28.9,24.4,3.0,26.65
2014-08-19,33.9,22.2,0.3,28.049999999999997
2014-08-20,35.6,25.0,0.0,30.3
2014-08-21,35.6,24.4,0.0,30.0
2014-08-22,36.1,24.4,0.0,30.25
2014-08-23,37.2,25.6,0.0,31.400000000000002
2014-08-24,37.8,25.0,0.0,31.4
2014-08-25,36.1,26.1,0.0,31.1
2014-08-26,33.9,25.0,0.0,29.45
2014-08-27,34.4,23.9,0.0,29.15
2014-08-28,35.0,22.8,0.0,28.9
2014-08-29,35.0,23.3,0.5,29.15
2014-08-30,27.2,23.3,17.3,25.25
2014-08-31,31.1,23.3,4.3,27.200000000000003
2014-09-01,32.8,24.4,0.0,28.599999999999998
2014-09-02,31.7,23.9,0.5,27.799999999999997
2014-09-03,32.8,22.8,0.0,27.799999999999997
2014-09-04,35.0,23.3,0.3,29.15
2014-09-05,35.0,23.9,0.0,29.45
2014-09-06,32.2,21.1,6.9,26.650000000000002
2014-09-07,30.0,19.4,0.0,24.7
2014-09-08,31.7,20.6,0.0,26.15
2014-09-09,33.9,21.1,0.0,27.5
2014-09-10,33.9,25.0,0.0,29.45
2014-09-11,27.2,20.6,113.0,23.9
2014-09-12,20.6,15.6,0.0,18.1
2014-09-13,20.0,15.0,0.0,17.5
2014-09-14,26.1,14.4,0.0,20.25
2014-09-15,28.9,18.9,0.0,23.9
2014-09-16,26.7,19.4,0.0,23.049999999999997
2014-09-17,25.0,17.2,0.0,21.1
2014-09-18,29.4,19.4,0.0,24.4
2014-09-19,30.0,19.4,0.0,24.7
2014-09-20,32.2,21.7,0.0,26.950000000000003
2014-09-21,32.8,20.6,0.0,26.7
2014-09-22,25.6,16.1,0.0,20.85
2014-09-23,27.2,12.2,0.0,19.7
2014-09-24,28.9,15.0,0.0,21.95
2014-09-25,30.0,16.7,0.0,23.35
2014-09-26,30.6,17.8,0.0,24.200000000000003
2014-09-27,30.0,20.6,0.0,25.3
2014-09-28,30.6,17.8,0.0,24.200000000000003
2014-09-29,30.6,17.8,0.0,24.200000000000003
2014-09-30,32.2,17.2,0.0,24.700000000000003
2014-10-01,31.7,20.0,0.0,25.85
2014-10-02,32.2,18.9,22.1,25.55
2014-10-03,25.0,10.6,1.0,17.8
2014-10-04,20.6,7.2,0.0,13.9
2014-10-05,26.1,8.9,0.0,17.5
2014-10-06,25.0,16.1,8.4,20.55
2014-10-07,28.9,19.4,0.0,24.15
2014-10-08,27.2,20.0,0.0,23.6
2014-10-09,30.0,18.9,0.0,24.45
2014-10-10,29.4,17.8,2.8,23.6
2014-10-11,18.9,15.0,2.8,16.95
2014-10-12,25.0,16.1,4.6,20.55
2014-10-13,26.7,16.1,40.1,21.4
2014-10-14,17.8,14.4,3.3,16.1
2014-10-15,21.1,12.8,0.0,16.950000000000003
2014-10-16,23.3,8.9,0.0,16.1
2014-10-17,27.2,14.4,0.0,20.8
2014-10-18,21.7,12.8,0.0,17.25
2014-10-19,20.6,8.9,0.0,14.75
2014-10-20,22.8,8.9,0.0,15.850000000000001
2014-10-21,25.0,12.2,0.0,18.6
2014-10-22,20.6,10.6,0.0,15.600000000000001
2014-10-23,18.9,6.7,0.0,12.799999999999999
2014-10-24,23.9,8.3,0.0,16.1
2014-10-25,27.8,12.8,0.0,20.3
2014-10-26,30.0,15.6,0.0,22.8
2014-10-27,27.8,16.7,0.0,22.25
2014-10-28,21.1,12.8,15.0,16.950000000000003
2014-10-29,21.7,8.9,1.5,15.3
2014-10-30,21.1,6.7,0.0,13.9
2014-10-31,14.4,4.4,0.0,9.4
2014-11-01,11.7,1.7,0.0,6.699999999999999
2014-11-02,16.1,-0.5,0.0,7.800000000000001
2014-11-03,20.6,6.1,0.0,13.350000000000001
2014-11-04,23.9,12.2,5.8,18.049999999999997
2014-11-05,15.0,12.8,31.2,13.9
2014-11-06,18.3,6.1,0.0,12.2
2014-11-07,14.4,3.3,0.0,8.85
2014-11-08,15.0,5.0,0.0,10.0
2014-11-09,16.1,2.2,0.0,9.15
2014-11-10,22.8,7.2,0.0,15.0
2014-11-11,18.9,3.3,0.3,11.1
2014-11-12,6.1,1.1,0.0,3.5999999999999996
2014-11-13,3.3,-2.1,0.5,0.5999999999999999
2014-11-14,4.4,-4.3,0.0,0.050000000000000266
2014-11-15,8.3,-3.2,0.0,2.5500000000000003
2014-11-16,6.7,2.2,9.4,4.45
2014-11-17,3.3,-3.8,0.3,-0.25
2014-11-18,3.9,-6.6,0.0,-1.3499999999999999
2014-11-19,12.8,-1.0,0.0,5.9
2014-11-20,13.3,1.1,0.0,7.2
2014-11-21,13.9,5.6,1.8,9.75
2014-11-22,20.0,11.7,0.0,15.85
2014-11-23,17.2,14.4,15.7,15.8
2014-11-24,17.2,6.1,0.0,11.649999999999999
2014-11-25,10.0,-0.5,0.0,4.75
2014-11-26,11.1,-1.6,0.0,4.75
2014-11-27,8.9,1.1,0.0,5.0
2014-11-28,13.3,-0.5,0.0,6.4
2014-11-29,19.4,9.4,0.0,14.399999999999999
2014-11-30,22.8,16.1,0.0,19.450000000000003
2014-12-01,18.3,2.8,7.4,10.55
2014-12-02,3.9,1.1,0.0,2.5
2014-12-03,10.0,3.9,2.8,6.95
2014-12-04,16.1,8.3,0.0,12.200000000000001
2014-12-05,19.4,12.8,27.9,16.1
2014-12-06,19.4,6.7,1.5,13.049999999999999
2014-12-07,8.9,5.6,0.0,7.25
2014-12-08,13.9,3.3,0.0,8.6
2014-12-09,10.6,1.7,0.0,6.1499999999999995
2014-12-10,8.9,0.6,0.0,4.75
2014-12-11,7.2,2.2,0.0,4.7
2014-12-12,15.0,5.6,0.0,10.3
2014-12-13,13.3,9.4,0.0,11.350000000000001
2014-12-14,18.9,5.6,0.0,12.25
2014-12-15,17.8,9.4,8.1,13.600000000000001
2014-12-16,10.0,1.7,0.0,5.85
2014-12-17,6.7,0.0,0.0,3.35
2014-12-18,7.8,2.8,2.3,5.3
2014-12-19,7.2,4.4,0.0,5.800000000000001
2014-12-20,10.0,2.2,0.0,6.1
2014-12-21,13.9,0.0,0.0,6.95
2014-12-22,15.6,8.3,3.3,11.95
2014-12-23,13.9,9.4,0.5,11.65
2014-12-24,9.4,5.6,0.8,7.5
2014-12-25,12.2,0.6,0.0,6.3999999999999995
2014-12-26,13.3,5.0,0.0,9.15
2014-12-27,13.3,8.9,8.9,11.100000000000001
2014-12-28,8.9,3.3,2.5,6.1
2014-12-29,3.9,2.8,0.0,3.3499999999999996
2014-12-30,6.7,-0.5,0.0,3.1
2014-12-31,3.9,-2.7,0.0,0.5999999999999999
2015-01-01,5.6,1.1,3.0,3.3499999999999996
2015-01-02,10.0,3.9,0.8,6.95
2015-01-03,17.8,10.0,16.0,13.9
2015-01-04,10.6,-3.2,0.0,3.6999999999999997
2015-01-05,2.8,-5.5,0.0,-1.35
2015-01-06,8.3,-3.8,0.0,2.2500000000000004
2015-01-07,0.6,-10.5,0.0,-4.95
2015-01-08,-1.6,-12.7,0.0,-7.1499999999999995
2015-01-09,2.8,-6.0,0.0,-1.6
2015-01-10,4.4,-8.2,0.0,-1.8999999999999995
2015-01-11,8.9,1.7,1.0,5.3
2015-01-12,8.9,1.1,4.8,5.0
2015-01-13,1.1,-1.6,0.0,-0.25
2015-01-14,5.0,-2.7,0.0,1.15
2015-01-15,6.1,-2.7,0.0,1.6999999999999997
2015-01-16,13.9,-2.7,0.0,5.6
2015-01-17,15.6,1.1,0.0,8.35
2015-01-18,17.8,2.8,0.0,10.3
2015-01-19,18.3,6.7,0.0,12.5
2015-01-20,17.8,4.4,0.0,11.100000000000001
2015-01-21,15.6,1.7,0.0,8.65
2015-01-22,9.4,5.0,0.0,7.2
2015-01-23,5.6,0.6,2.3,3.0999999999999996
2015-01-24,13.3,-1.6,0.0,5.8500000000000005
2015-01-25,13.9,2.8,5.1,8.35
2015-01-26,9.4,2.2,0.0,5.800000000000001
2015-01-27,13.9,2.8,0.0,8.35
2015-01-28,16.7,1.7,0.0,9.2
2015-01-29,17.8,6.1,0.0,11.95
2015-01-30,11.1,1.1,0.0,6.1
2015-01-31,10.0,3.3,0.0,6.65
2015-02-01,15.0,2.2,18.3,8.6
2015-02-02,2.8,-2.1,0.0,0.34999999999999987
2015-02-03,9.4,-4.3,0.0,2.5500000000000003
2015-02-04,13.3,1.1,0.0,7.2
2015-02-05,3.9,-3.8,0.0,0.050000000000000044
2015-02-06,11.7,-4.9,0.0,3.3999999999999995
2015-02-07,17.8,3.3,0.0,10.55
2015-02-08,16.7,12.8,0.0,14.75
2015-02-09,13.9,2.8,0.0,8.35
2015-02-10,9.4,1.7,0.0,5.55
2015-02-11,14.4,0.0,0.0,7.2
2015-02-12,5.0,-3.2,0.0,0.8999999999999999
2015-02-13,6.1,-4.3,0.0,0.8999999999999999
2015-02-14,18.9,-2.1,0.0,8.399999999999999
2015-02-15,1.1,-6.0,0.0,-2.45
2015-02-16,0.6,-6.0,23.1,-2.7
2015-02-17,0.0,-8.8,0.0,-4.4
2015-02-18,1.1,-5.5,0.3,-2.2
2015-02-19,-2.1,-10.5,0.0,-6.3
2015-02-20,2.8,-4.9,13.0,-1.0500000000000003
2015-02-21,14.4,1.1,47.0,7.75
2015-02-22,7.2,-2.1,7.4,2.55
2015-02-23,-2.1,-5.5,0.0,-3.8
2015-02-24,2.2,-5.5,0.0,-1.65
2015-02-25,2.8,-2.7,1.5,0.04999999999999982
2015-02-26,4.4,-4.3,0.0,0.050000000000000266
2015-02-27,1.7,-6.0,0.0,-2.15
2015-02-28,9.4,-1.6,0.0,3.9000000000000004
2015-03-01,8.9,2.2,11.7,5.550000000000001
2015-03-02,6.1,1.1,0.3,3.5999999999999996
2015-03-03,17.2,5.6,3.0,11.399999999999999
2015-03-04,17.8,-4.3,34.3,6.75
2015-03-05,-1.0,-7.1,9.7,-4.05
2015-03-06,5.0,-9.3,0.0,-2.1500000000000004
2015-03-07,13.3,-2.7,0.0,5.300000000000001
2015-03-08,13.9,0.0,6.4,6.95
2015-03-09,11.1,6.7,19.8,8.9
2015-03-10,15.6,10.6,13.2,13.1
2015-03-11,15.0,10.6,0.0,12.8
2015-03-12,20.6,11.1,1.8,15.850000000000001
2015-03-13,18.9,15.0,23.4,16.95
2015-03-14,18.3,14.4,0.8,16.35
2015-03-15,24.4,9.4,0.0,16.9
2015-03-16,24.4,7.8,0.0,16.099999999999998
2015-03-17,25.6,11.7,0.0,18.65
2015-03-18,17.8,7.8,4.3,12.8
2015-03-19,15.6,7.2,0.8,11.4
2015-03-20,18.3,9.4,3.0,13.850000000000001
2015-03-21,16.7,8.3,0.0,12.5
2015-03-22,15.6,10.6,3.0,13.1
2015-03-23,23.9,7.2,0.0,15.549999999999999
2015-03-24,25.6,10.0,0.0,17.8
2015-03-25,25.6,13.9,0.0,19.75
2015-03-26,20.6,5.0,1.3,12.8
2015-03-27,10.6,2.2,0.0,6.4
2015-03-28,6.1,2.2,0.0,4.15
2015-03-29,21.7,1.7,1.8,11.7
2015-03-30,23.3,10.6,0.3,16.95
2015-03-31,26.7,11.7,0.5,19.2
2015-04-01,27.2,15.0,0.0,21.1
2015-04-02,25.6,20.0,0.0,22.8
2015-04-03,25.6,10.6,0.3,18.1
2015-04-04,17.8,7.2,0.0,12.5
2015-04-05,17.2,6.7,0.0,11.95
2015-04-06,25.0,13.3,6.9,19.15
2015-04-07,26.7,20.0,0.0,23.35
2015-04-08,28.9,20.0,0.0,24.45
2015-04-09,29.4,20.6,4.1,25.0
2015-04-10,20.6,9.4,7.4,15.0
2015-04-11,24.4,8.3,0.0,16.35
2015-04-12,27.8,11.7,0.0,19.75
2015-04-13,25.6,17.2,9.9,21.4
2015-04-14,18.9,13.3,1.5,16.1
2015-04-15,25.6,15.6,6.6,20.6
2015-04-16,27.8,15.6,0.0,21.7
2015-04-17,24.4,17.8,0.0,21.1
2015-04-18,23.9,15.6,0.3,19.75
2015-04-19,25.0,15.6,7.4,20.3
2015-04-20,20.0,12.2,0.0,16.1
2015-04-21,22.2,7.2,0.0,14.7
2015-04-22,24.4,10.6,0.0,17.5
2015-04-23,20.6,11.7,0.0,16.15
2015-04-24,19.4,12.8,30.7,16.1
2015-04-25,27.8,15.0,3.0,21.4
2015-04-26,20.0,12.8,0.0,16.4
2015-04-27,20.0,10.6,0.0,15.3
2015-04-28,17.2,12.2,0.0,14.7
2015-04-29,23.3,9.4,0.0,16.35
2015-04-30,26.7,9.4,0.0,18.05
2015-05-01,22.8,10.6,0.0,16.7
2015-05-02,26.1,10.6,0.0,18.35
2015-05-03,27.8,12.2,0.0,20.0
2015-05-04,29.4,16.7,0.0,23.049999999999997
2015-05-05,30.6,18.3,0.0,24.450000000000003
2015-05-06,30.0,17.8,0.0,23.9
2015-05-07,31.1,20.0,0.0,25.55
2015-05-08,28.3,20.6,0.3,24.450000000000003
2015-05-09,28.9,20.0,29.5,24.45
2015-05-10,30.6,20.6,0.0,25.6
2015-05-11,25.0,18.9,0.3,21.95
2015-05-12,23.9,16.1,0.0,20.0
2015-05-13,27.2,13.3,0.0,20.25
2015-05-14,27.2,17.8,0.0,22.5
2015-05-15,30.6,19.4,3.8,25.0
2015-05-16,28.9,21.1,26.7,25.0
2015-05-17,27.8,21.7,2.0,24.75
2015-05-18,26.1,20.0,7.1,23.05
2015-05-19,28.9,19.4,0.0,24.15
2015-05-20,25.6,17.8,17.8,21.700000000000003
2015-05-21,17.8,11.1,0.0,14.45
2015-05-22,24.4,8.9,0.0,16.65
2015-05-23,28.9,17.2,0.0,23.049999999999997
2015-05-24,30.6,21.1,10.2,25.85
2015-05-25,29.4,20.6,3.6,25.0
2015-05-26,27.8,19.4,2.5,23.6
2015-05-27,26.7,21.1,0.5,23.9
2015-05-28,28.9,20.6,0.0,24.75
2015-05-29,30.6,20.6,0.0,25.6
2015-05-30,29.4,21.1,2.0,25.25
2015-05-31,23.9,18.9,46.7,21.4
2015-06-01,24.4,17.2,0.0,20.799999999999997
2015-06-02,24.4,15.6,0.0,20.0
2015-06-03,26.1,16.1,0.0,21.1
2015-06-04,30.0,15.6,0.0,22.8
2015-06-05,32.8,18.9,18.0,25.849999999999998
2015-06-06,31.7,21.1,0.0,26.4
2015-06-07,32.8,22.8,0.0,27.799999999999997
2015-06-08,33.9,23.3,5.6,28.6
2015-06-09,33.3,21.1,0.0,27.2
2015-06-10,33.9,22.8,0.0,28.35
2015-06-11,32.8,23.3,0.0,28.049999999999997
2015-06-12,33.3,23.3,0.0,28.299999999999997
2015-06-13,32.8,22.8,2.5,27.799999999999997
2015-06-14,32.8,23.3,5.8,28.049999999999997
2015-06-15,33.3,22.8,0.0,28.049999999999997
2015-06-16,33.9,25.0,0.0,29.45
2015-06-17,34.4,24.4,0.0,29.4
2015-06-18,31.7,25.0,0.0,28.35
2015-06-19,31.1,23.3,21.8,27.200000000000003
2015-06-20,34.4,22.8,0.0,28.6
2015-06-21,32.2,24.4,0.0,28.3
2015-06-22,33.9,25.6,0.0,29.75
2015-06-23,35.0,25.6,0.0,30.3
2015-06-24,36.7,23.3,4.6,30.0
2015-06-25,35.0,22.8,0.0,28.9
2015-06-26,34.4,23.9,2.5,29.15
2015-06-27,28.9,21.7,0.0,25.299999999999997
2015-06-28,31.1,18.9,0.0,25.0
2015-06-29,32.8,20.6,52.6,26.7
2015-06-30,30.6,21.1,0.0,25.85
2015-07-01,30.6,23.9,0.0,27.25
2015-07-02,30.6,22.2,0.3,26.4
2015-07-03,25.6,22.2,86.4,23.9
2015-07-04,26.1,22.2,1.0,24.15
2015-07-05,28.9,20.6,0.0,24.75
2015-07-06,30.6,21.1,0.8,25.85
2015-07-07,32.8,25.6,0.0,29.2
2015-07-08,32.8,23.9,0.0,28.349999999999998
2015-07-09,33.3,25.6,0.0,29.45
2015-07-10,34.4,25.0,0.0,29.7
2015-07-11,35.0,25.0,0.0,30.0
2015-07-12,34.4,26.1,0.0,30.25
2015-07-13,35.0,26.1,0.0,30.55
2015-07-14,35.6,23.3,3.3,29.450000000000003
2015-07-15,36.7,24.4,0.0,30.55
2015-07-16,35.6,26.1,0.0,30.85
2015-07-17,35.6,26.1,0.0,30.85
2015-07-18,36.1,26.1,0.0,31.1
2015-07-19,36.7,26.7,0.0,31.700000000000003
2015-07-20,37.2,27.2,0.0,32.2
2015-07-21,32.8,24.4,2.3,28.599999999999998
2015-07-22,33.3,23.3,7.1,28.299999999999997
2015-07-23,33.3,22.2,28.4,27.75
2015-07-24,35.6,24.4,1.8,30.0
2015-07-25,35.6,26.7,0.0,31.15
2015-07-26,35.6,24.4,0.0,30.0
2015-07-27,35.6,26.1,0.0,30.85
2015-07-28,36.7,27.2,0.0,31.950000000000003
2015-07-29,37.2,27.8,0.0,32.5
2015-07-30,32.8,25.6,0.0,29.2
2015-07-31,34.4,22.2,0.0,28.299999999999997
2015-08-01,36.1,23.9,0.0,30.0
2015-08-02,35.6,25.0,0.0,30.3
2015-08-03,36.7,23.3,0.0,30.0
2015-08-04,36.7,23.9,0.0,30.3
2015-08-05,36.1,20.6,66.3,28.35
2015-08-06,31.1,20.6,3.0,25.85
2015-08-07,32.2,22.8,14.0,27.5
2015-08-08,33.3,25.6,0.0,29.45
2015-08-09,35.0,23.9,0.0,29.45
2015-08-10,32.8,23.3,3.0,28.049999999999997
2015-08-11,33.3,24.4,0.0,28.849999999999998
2015-08-12,31.7,22.2,0.0,26.95
2015-08-13,30.6,20.6,0.0,25.6
2015-08-14,31.1,21.1,0.0,26.1
2015-08-15,33.9,22.2,0.0,28.049999999999997
2015-08-16,33.9,22.2,0.0,28.049999999999997
2015-08-17,32.2,23.3,0.0,27.75
2015-08-18,33.9,23.3,0.0,28.6
2015-08-19,31.7,21.1,2.5,26.4
2015-08-20,28.9,18.9,0.0,23.9
2015-08-21,28.9,21.1,0.0,25.0
2015-08-22,29.4,22.2,15.5,25.799999999999997
2015-08-23,31.7,23.3,0.0,27.5
2015-08-24,28.3,20.0,0.0,24.15
2015-08-25,29.4,16.1,0.0,22.75
2015-08-26,29.4,16.1,0.0,22.75
2015-08-27,29.4,16.7,0.0,23.049999999999997
2015-08-28,32.8,16.7,0.0,24.75
2015-08-29,33.9,22.2,0.0,28.049999999999997
2015-08-30,32.8,23.3,0.0,28.049999999999997
2015-08-31,32.8,21.1,0.0,26.95
2015-09-01,34.4,22.8,0.0,28.6
2015-09-02,33.3,23.3,1.8,28.299999999999997
2015-09-03,34.4,22.2,0.0,28.299999999999997
2015-09-04,34.4,23.3,0.0,28.85
2015-09-05,36.1,25.0,0.0,30.55
2015-09-06,34.4,22.8,0.0,28.6
2015-09-07,35.0,24.4,0.0,29.7
2015-09-08,35.0,22.8,0.0,28.9
2015-09-09,28.9,22.2,28.4,25.549999999999997
2015-09-10,31.7,21.7,0.0,26.7
2015-09-11,29.4,18.9,0.0,24.15
2015-09-12,24.4,13.9,0.0,19.15
2015-09-13,25.0,11.7,0.0,18.35
2015-09-14,27.8,13.3,0.0,20.55
2015-09-15,30.0,17.2,0.0,23.6
2015-09-16,31.1,19.4,0.0,25.25
2015-09-17,32.2,20.6,0.0,26.400000000000002
2015-09-18,32.8,19.4,0.0,26.099999999999998
2015-09-19,31.7,21.1,0.0,26.4
2015-09-20,28.3,17.8,0.0,23.05
2015-09-21,29.4,17.2,0.3,23.299999999999997
2015-09-22,30.6,16.1,0.0,23.35
2015-09-23,32.2,16.7,0.0,24.450000000000003
2015-09-24,32.8,18.9,0.0,25.849999999999998
2015-09-25,31.7,18.9,0.0,25.299999999999997
2015-09-26,27.2,18.9,0.3,23.049999999999997
2015-09-27,30.0,19.4,0.0,24.7
2015-09-28,25.6,21.1,2.8,23.35
2015-09-29,29.4,21.7,0.0,25.549999999999997
2015-09-30,25.0,19.4,0.0,22.2
2015-10-01,25.0,14.4,0.0,19.7
2015-10-02,20.0,13.3,0.0,16.65
2015-10-03,15.0,11.7,0.0,13.35
2015-10-04,18.3,11.7,0.0,15.0
2015-10-05,28.3,12.2,0.0,20.25
2015-10-06,30.6,17.8,0.0,24.200000000000003
2015-10-07,31.1,19.4,0.0,25.25
2015-10-08,31.7,18.3,0.0,25.0
2015-10-09,30.6,16.1,0.8,23.35
2015-10-10,22.8,11.1,0.0,16.95
2015-10-11,26.7,8.9,0.0,17.8
2015-10-12,32.2,16.1,0.0,24.150000000000002
2015-10-13,27.2,12.8,0.0,20.0
2015-10-14,31.1,9.4,0.0,20.25
2015-10-15,33.9,15.0,0.0,24.45
2015-10-16,23.3,11.7,0.0,17.5
2015-10-17,20.6,8.9,0.0,14.75
2015-10-18,20.6,6.7,0.0,13.65
2015-10-19,23.9,7.2,0.0,15.549999999999999
2015-10-20,25.6,10.6,0.0,18.1
2015-10-21,28.3,13.9,0.0,21.1
2015-10-22,28.3,13.9,0.0,21.1
2015-10-23,25.6,20.6,0.5,23.1
2015-10-24,25.0,18.9,1.0,21.95
2015-10-25,18.9,13.9,15.7,16.4
2015-10-26,18.3,14.4,12.7,16.35
2015-10-27,18.9,15.6,18.8,17.25
2015-10-28,22.8,15.6,0.0,19.2
2015-10-29,23.3,11.1,0.0,17.2
2015-10-30,21.7,8.3,0.0,15.0
2015-10-31,17.2,13.9,12.4,15.55
2015-11-01,18.3,15.6,0.0,16.95
2015-11-02,20.6,14.4,0.0,17.5
2015-11-03,25.6,15.6,0.0,20.6
2015-11-04,23.9,19.4,0.0,21.65
2015-11-05,27.2,18.9,0.0,23.049999999999997
2015-11-06,24.4,15.6,16.3,20.0
2015-11-07,16.1,11.7,0.3,13.9
2015-11-08,18.9,8.9,0.0,13.899999999999999
2015-11-09,20.0,7.2,0.0,13.6
2015-11-10,20.6,7.2,0.0,13.9
2015-11-11,25.0,10.6,8.9,17.8
2015-11-12,18.9,9.4,0.0,14.149999999999999
2015-11-13,18.3,4.4,0.0,11.350000000000001
2015-11-14,20.0,3.3,0.0,11.65
2015-11-15,18.9,6.7,0.0,12.799999999999999
2015-11-16,20.6,10.6,33.8,15.600000000000001
2015-11-17,23.9,15.6,81.8,19.75
2015-11-18,19.4,9.4,14.0,14.399999999999999
2015-11-19,19.4,7.2,0.0,13.299999999999999
2015-11-20,17.8,5.6,0.0,11.7
2015-11-21,12.8,0.6,0.8,6.7
2015-11-22,7.8,-1.6,0.0,3.0999999999999996
2015-11-23,14.4,-2.1,0.0,6.15
2015-11-24,17.8,2.8,0.0,10.3
2015-11-25,20.6,6.1,0.0,13.350000000000001
2015-11-26,23.9,15.6,0.0,19.75
2015-11-27,21.1,17.2,0.3,19.15
2015-11-28,19.4,10.0,65.3,14.7
2015-11-29,10.0,8.3,27.2,9.15
2015-11-30,12.8,8.3,9.7,10.55
2015-12-01,11.7,7.2,1.8,9.45
2015-12-02,11.1,4.4,0.0,7.75
2015-12-03,11.7,2.8,0.0,7.25
2015-12-04,14.4,0.6,0.0,7.5
2015-12-05,16.1,1.1,0.0,8.600000000000001
2015-12-06,17.8,2.8,0.0,10.3
2015-12-07,17.2,3.3,0.0,10.25
2015-12-08,18.9,3.3,0.0,11.1
2015-12-09,19.4,10.0,0.0,14.7
2015-12-10,20.6,8.3,0.0,14.450000000000001
2015-12-11,25.0,16.1,0.0,20.55
2015-12-12,24.4,19.4,0.0,21.9
2015-12-13,23.9,12.8,16.8,18.35
2015-12-14,16.1,8.9,4.3,12.5
2015-12-15,21.1,6.1,0.0,13.600000000000001
2015-12-16,17.2,8.9,7.1,13.05
2015-12-17,10.6,2.2,0.0,6.4
2015-12-18,7.2,0.0,0.0,3.6
2015-12-19,13.3,0.6,0.0,6.95
2015-12-20,13.3,2.2,0.0,7.75
2015-12-21,17.8,10.0,10.2,13.9
2015-12-22,21.1,11.1,0.0,16.1
2015-12-23,22.8,17.2,8.4,20.0
2015-12-24,24.4,9.4,0.0,16.9
2015-12-25,19.4,13.3,40.9,16.35
2015-12-26,26.7,13.9,1.8,20.3
2015-12-27,25.0,12.8,7.6,18.9
2015-12-28,22.8,8.3,22.4,15.55
2015-12-29,8.3,4.4,0.0,6.3500000000000005
2015-12-30,7.8,3.3,0.0,5.55
2015-12-31,8.9,1.1,0.0,5.0
2016-01-01,8.3,-0.5,0.0,3.9000000000000004
2016-01-02,10.6,-2.7,0.0,3.9499999999999997
2016-01-03,12.8,-1.0,0.0,5.9
2016-01-04,4.4,-1.6,0.0,1.4000000000000001
2016-01-05,8.3,-3.2,0.0,2.5500000000000003
2016-01-06,11.1,-0.5,0.0,5.3
2016-01-07,11.1,2.8,2.8,6.949999999999999
2016-01-08,14.4,10.0,0.0,12.2
2016-01-09,13.9,1.7,33.3,7.8
2016-01-10,2.2,-6.6,0.0,-2.1999999999999997
2016-01-11,6.7,-7.7,0.0,-0.5
2016-01-12,11.1,-0.5,0.0,5.3
2016-01-13,14.4,-2.1,0.0,6.15
2016-01-14,17.2,3.3,0.0,10.25
2016-01-15,18.3,5.0,1.3,11.65
2016-01-16,7.2,0.6,0.0,3.9
2016-01-17,7.2,-2.7,0.0,2.25
2016-01-18,-1.0,-6.0,0.0,-3.5
2016-01-19,2.8,-6.6,0.0,-1.9
2016-01-20,3.9,0.6,7.1,2.25
2016-01-21,3.9,1.1,7.6,2.5
2016-01-22,2.2,-1.0,4.6,0.6000000000000001
2016-01-23,3.9,-3.8,0.0,0.050000000000000044
2016-01-24,10.0,-4.9,0.0,2.55
2016-01-25,17.8,3.3,1.0,10.55
2016-01-26,10.6,2.8,0.0,6.699999999999999
2016-01-27,8.3,-2.1,0.0,3.1000000000000005
2016-01-28,14.4,-3.8,0.0,5.300000000000001
2016-01-29,17.2,0.6,0.0,8.9
2016-01-30,20.6,8.3,0.0,14.450000000000001
2016-01-31,22.8,16.1,0.0,19.450000000000003
2016-02-01,19.4,10.6,3.6,15.0
2016-02-02,23.9,13.9,40.6,18.9
2016-02-03,14.4,2.2,0.0,8.3
2016-02-04,8.3,-1.0,0.0,3.6500000000000004
2016-02-05,12.8,-2.7,0.0,5.050000000000001
2016-02-06,12.8,0.6,0.0,6.7
2016-02-07,15.0,-0.5,0.0,7.25
2016-02-08,8.9,2.2,0.0,5.550000000000001
2016-02-09,5.0,-2.1,0.0,1.45
2016-02-10,6.1,-4.3,0.0,0.8999999999999999
2016-02-11,12.2,-1.0,0.0,5.6
2016-02-12,12.2,0.6,0.0,6.3999999999999995
2016-02-13,4.4,-2.1,0.0,1.1500000000000001
2016-02-14,12.2,-1.6,2.8,5.3
2016-02-15,8.9,3.3,41.9,6.1
2016-02-16,15.0,3.9,0.3,9.45
2016-02-17,13.9,0.6,0.0,7.25
2016-02-18,21.1,4.4,0.0,12.75
2016-02-19,21.7,12.8,0.0,17.25
2016-02-20,20.0,16.7,0.0,18.35
2016-02-21,21.7,15.0,1.0,18.35
2016-02-22,15.0,8.3,8.1,11.65
2016-02-23,12.2,7.8,38.6,10.0
2016-02-24,8.9,3.3,4.8,6.1
2016-02-25,10.0,2.2,0.0,6.1
2016-02-26,10.6,-1.0,0.0,4.8
2016-02-27,18.9,2.8,0.0,10.85
2016-02-28,21.1,8.3,0.0,14.700000000000001
2016-02-29,21.7,8.9,0.0,15.3
2016-03-01,17.2,5.6,21.1,11.399999999999999
2016-03-02,12.8,1.7,0.0,7.25
2016-03-03,13.3,7.2,6.4,10.25
2016-03-04,14.4,5.0,0.0,9.7
2016-03-05,21.1,5.6,0.0,13.350000000000001
2016-03-06,22.2,5.6,0.0,13.899999999999999
2016-03-07,22.2,12.8,0.0,17.5
2016-03-08,26.1,15.6,7.6,20.85
2016-03-09,17.2,15.6,115.1,16.4
2016-03-10,18.3,12.2,87.1,15.25
2016-03-11,16.1,12.2,3.6,14.15
2016-03-12,21.7,15.0,30.7,18.35
2016-03-13,21.7,13.9,24.6,17.8
2016-03-14,22.8,12.2,0.8,17.5
2016-03-15,27.8,16.1,0.0,21.950000000000003
2016-03-16,22.2,10.6,0.0,16.4
2016-03-17,22.2,10.6,0.0,16.4
2016-03-18,23.9,9.4,2.0,16.65
2016-03-19,13.9,7.2,0.0,10.55
2016-03-20,10.6,2.8,0.0,6.699999999999999
2016-03-21,15.0,1.1,0.0,8.05
2016-03-22,20.0,6.1,0.0,13.05
2016-03-23,22.8,13.9,0.0,18.35
2016-03-24,21.1,6.7,6.1,13.9
2016-03-25,15.6,6.7,0.0,11.15
2016-03-26,23.9,5.6,0.0,14.75
2016-03-27,23.9,8.9,0.0,16.4
2016-03-28,19.4,5.6,0.0,12.5
2016-03-29,22.2,7.2,0.0,14.7
2016-03-30,25.6,15.0,45.0,20.3
2016-03-31,26.7,15.6,61.5,21.15
2016-04-01,16.7,10.0,0.0,13.35
2016-04-02,17.8,6.1,0.0,11.95
2016-04-03,22.2,7.2,0.0,14.7
2016-04-04,26.7,11.1,0.0,18.9
2016-04-05,21.7,10.0,0.0,15.85
2016-04-06,22.2,10.0,9.1,16.1
2016-04-07,23.9,8.9,0.0,16.4
2016-04-08,18.9,7.2,0.0,13.049999999999999
2016-04-09,17.8,7.8,0.0,12.8
2016-04-10,27.2,11.7,0.3,19.45
2016-04-11,21.1,12.2,30.0,16.65
2016-04-12,19.4,9.4,0.0,14.399999999999999
2016-04-13,18.3,10.0,0.5,14.15
2016-04-14,21.7,9.4,12.7,15.55
2016-04-15,18.9,15.6,0.0,17.25
2016-04-16,23.9,16.1,0.0,20.0
2016-04-17,27.2,14.4,0.0,20.8
2016-04-18,26.1,13.3,0.0,19.700000000000003
2016-04-19,21.1,17.2,2.3,19.15
2016-04-20,25.0,17.2,25.1,21.1
2016-04-21,25.6,17.2,16.5,21.4
2016-04-22,25.6,14.4,0.0,20.0
2016-04-23,26.7,12.8,0.0,19.75
2016-04-24,27.8,14.4,0.0,21.1
2016-04-25,27.2,16.1,0.0,21.65
2016-04-26,29.4,18.9,0.0,24.15
2016-04-27,25.6,20.6,0.0,23.1
2016-04-28,29.4,18.3,0.0,23.85
2016-04-29,22.2,16.1,40.1,19.15
2016-04-30,25.6,18.3,15.0,21.950000000000003
2016-05-01,28.3,17.8,0.5,23.05
2016-05-02,22.2,13.9,7.6,18.05
2016-05-03,19.4,11.7,0.0,15.549999999999999
2016-05-04,25.6,10.0,0.0,17.8
2016-05-05,22.2,10.0,0.0,16.1
2016-05-06,23.9,9.4,0.0,16.65
2016-05-07,28.9,13.3,0.0,21.1
2016-05-08,28.3,15.6,0.0,21.95
2016-05-09,25.0,20.0,0.5,22.5
2016-05-10,29.4,17.2,9.9,23.299999999999997
2016-05-11,30.6,21.1,0.0,25.85
2016-05-12,27.2,18.9,12.4,23.049999999999997
2016-05-13,26.1,13.9,0.0,20.0
2016-05-14,20.0,12.8,0.0,16.4
2016-05-15,22.2,12.2,0.0,17.2
2016-05-16,20.6,16.1,0.3,18.35
2016-05-17,28.3,15.0,1.8,21.65
2016-05-18,18.3,13.9,0.0,16.1
2016-05-19,26.1,12.8,0.3,19.450000000000003
2016-05-20,25.0,16.1,25.4,20.55
2016-05-21,26.7,15.0,0.0,20.85
2016-05-22,28.9,15.0,0.0,21.95
2016-05-23,29.4,13.3,0.0,21.35
2016-05-24,31.7,18.9,5.6,25.299999999999997
2016-05-25,28.9,18.9,29.2,23.9
2016-05-26,32.2,21.1,3.8,26.650000000000002
2016-05-27,28.3,20.6,25.9,24.450000000000003
2016-05-28,29.4,20.6,0.0,25.0
2016-05-29,32.2,19.4,0.0,25.8
2016-05-30,33.3,21.1,0.0,27.2
2016-05-31,30.0,21.1,5.6,25.55
2016-06-01,31.7,21.7,1.0,26.7
2016-06-02,31.1,21.1,1.0,26.1
2016-06-03,30.6,22.8,4.3,26.700000000000003
2016-06-04,30.6,22.2,0.0,26.4
2016-06-05,32.2,21.7,0.0,26.950000000000003
2016-06-06,31.1,18.9,0.0,25.0
2016-06-07,31.1,19.4,0.0,25.25
2016-06-08,31.7,19.4,0.0,25.549999999999997
2016-06-09,32.8,20.0,0.0,26.4
2016-06-10,33.9,20.6,0.0,27.25
2016-06-11,35.0,22.2,0.0,28.6
2016-06-12,34.4,24.4,0.0,29.4
2016-06-13,34.4,23.9,1.0,29.15
2016-06-14,31.1,23.3,3.0,27.200000000000003
2016-06-15,35.0,22.8,4.8,28.9
2016-06-16,36.1,22.2,0.0,29.15
2016-06-17,36.1,27.2,0.0,31.65
2016-06-18,33.3,23.9,0.0,28.599999999999998
2016-06-19,33.3,23.9,0.0,28.599999999999998
2016-06-20,33.9,23.3,0.0,28.6
2016-06-21,35.0,25.0,0.0,30.0
2016-06-22,36.1,26.1,0.0,31.1
2016-06-23,35.6,26.1,0.0,30.85
2016-06-24,36.7,26.7,0.0,31.700000000000003
2016-06-25,36.7,26.7,0.0,31.700000000000003
2016-06-26,36.7,25.6,0.0,31.150000000000002
2016-06-27,34.4,24.4,14.5,29.4
2016-06-28,35.0,23.9,0.0,29.45
2016-06-29,32.8,22.8,0.0,27.799999999999997
2016-06-30,34.4,21.7,0.0,28.049999999999997
2016-07-01,34.4,23.9,0.0,29.15
2016-07-02,35.6,25.0,0.0,30.3
2016-07-03,35.0,25.6,0.0,30.3
2016-07-04,35.0,24.4,49.0,29.7
2016-07-05,32.2,25.6,0.0,28.900000000000002
2016-07-06,33.9,26.7,0.0,30.299999999999997
2016-07-07,34.4,26.7,0.0,30.549999999999997
2016-07-08,35.0,27.2,0.0,31.1
2016-07-09,33.3,23.3,12.2,28.299999999999997
2016-07-10,32.8,22.8,0.0,27.799999999999997
2016-07-11,31.7,22.2,0.0,26.95
2016-07-12,33.9,24.4,0.0,29.15
2016-07-13,34.4,25.0,0.0,29.7
2016-07-14,32.2,22.8,9.1,27.5
2016-07-15,35.0,23.3,0.0,29.15
2016-07-16,35.0,22.8,0.0,28.9
2016-07-17,36.1,24.4,0.0,30.25
2016-07-18,35.6,25.6,3.8,30.6
2016-07-19,35.6,26.1,1.5,30.85
2016-07-20,36.1,24.4,24.1,30.25
2016-07-21,36.1,24.4,0.5,30.25
2016-07-22,37.8,26.7,0.0,32.25
2016-07-23,31.1,25.0,3.6,28.05
2016-07-24,33.3,24.4,26.7,28.849999999999998
2016-07-25,35.6,26.1,0.0,30.85
2016-07-26,36.1,26.7,0.0,31.4
2016-07-27,34.4,25.0,13.5,29.7
2016-07-28,31.7,23.9,43.2,27.799999999999997
2016-07-29,32.8,22.2,15.0,27.5
2016-07-30,33.3,22.2,1.5,27.75
2016-07-31,32.8,23.9,0.0,28.349999999999998
2016-08-01,35.0,25.0,0.0,30.0
2016-08-02,36.1,27.2,0.0,31.65
2016-08-03,36.7,26.1,0.0,31.400000000000002
2016-08-04,36.7,26.1,0.0,31.400000000000002
2016-08-05,37.2,26.7,0.0,31.950000000000003
2016-08-06,33.9,26.1,0.0,30.0
2016-08-07,32.8,26.1,0.0,29.45
2016-08-08,33.9,23.3,0.0,28.6
2016-08-09,35.6,25.6,0.0,30.6
2016-08-10,35.6,27.2,0.0,31.4
2016-08-11,35.0,26.7,0.0,30.85
2016-08-12,33.3,26.7,0.0,30.0
2016-08-13,32.2,25.6,4.8,28.900000000000002
2016-08-14,32.8,24.4,3.3,28.599999999999998
2016-08-15,31.7,23.3,19.8,27.5
2016-08-16,27.8,23.3,26.4,25.55
2016-08-17,26.7,23.9,1.8,25.299999999999997
2016-08-18,28.9,23.9,2.3,26.4
2016-08-19,31.1,24.4,0.0,27.75
2016-08-20,30.0,23.3,11.2,26.65
2016-08-21,31.1,22.2,35.1,26.65
2016-08-22,31.1,21.1,0.0,26.1
2016-08-23,33.9,23.3,0.0,28.6
2016-08-24,35.0,25.6,0.0,30.3
2016-08-25,36.1,23.9,34.8,30.0
2016-08-26,31.1,23.9,1.0,27.5
2016-08-27,35.6,22.2,0.0,28.9
2016-08-28,36.7,25.0,0.0,30.85
2016-08-29,36.1,26.1,0.0,31.1
2016-08-30,36.7,26.1,0.0,31.400000000000002
2016-08-31,35.6,25.0,0.0,30.3
2016-09-01,31.7,23.9,0.0,27.799999999999997
2016-09-02,30.0,20.0,0.0,25.0
2016-09-03,31.7,18.3,0.0,25.0
2016-09-04,34.4,22.8,0.0,28.6
2016-09-05,33.9,25.6,0.0,29.75
2016-09-06,35.0,23.3,0.0,29.15
2016-09-07,35.0,24.4,0.0,29.7
2016-09-08,34.4,25.0,0.0,29.7
2016-09-09,32.8,25.0,1.0,28.9
2016-09-10,33.9,21.7,13.7,27.799999999999997
2016-09-11,30.0,18.9,0.0,24.45
2016-09-12,33.3,18.9,0.0,26.099999999999998
2016-09-13,35.0,22.8,0.0,28.9
2016-09-14,35.6,24.4,0.0,30.0
2016-09-15,36.7,25.6,0.0,31.150000000000002
2016-09-16,36.7,23.3,0.3,30.0
2016-09-17,33.3,22.8,1.8,28.049999999999997
2016-09-18,30.6,22.2,0.3,26.4
2016-09-19,32.8,20.6,0.0,26.7
2016-09-20,33.3,20.0,0.0,26.65
2016-09-21,32.8,20.6,0.0,26.7
2016-09-22,35.0,21.7,0.0,28.35
2016-09-23,35.0,22.2,0.0,28.6
2016-09-24,36.1,22.2,0.0,29.15
2016-09-25,36.7,23.9,0.0,30.3
2016-09-26,26.1,17.2,0.0,21.65
2016-09-27,27.8,15.0,0.0,21.4
2016-09-28,31.7,13.3,0.0,22.5
2016-09-29,25.0,12.2,0.0,18.6
2016-09-30,25.0,16.1,0.0,20.55
2016-10-01,26.1,13.9,0.0,20.0
2016-10-02,28.9,14.4,0.0,21.65
2016-10-03,29.4,16.7,0.0,23.049999999999997
2016-10-04,31.7,17.2,0.0,24.45
2016-10-05,31.7,21.1,0.5,26.4
2016-10-06,31.7,20.0,0.0,25.85
2016-10-07,33.3,16.7,0.0,25.0
2016-10-08,25.0,12.2,0.0,18.6
2016-10-09,26.7,11.7,0.0,19.2
2016-10-10,26.7,13.9,0.0,20.3
2016-10-11,29.4,14.4,0.0,21.9
2016-10-12,28.3,17.2,0.0,22.75
2016-10-13,22.2,16.7,1.3,19.45
2016-10-14,19.4,14.4,28.2,16.9
2016-10-15,28.3,16.7,0.0,22.5
2016-10-16,30.0,17.2,0.0,23.6
2016-10-17,30.6,19.4,0.0,25.0
2016-10-18,30.0,21.1,0.0,25.55
2016-10-19,31.1,20.0,0.8,25.55
2016-10-20,24.4,13.3,0.0,18.85
2016-10-21,19.4,7.8,0.0,13.6
2016-10-22,21.7,6.7,0.0,14.2
2016-10-23,25.0,10.0,0.0,17.5
2016-10-24,27.2,12.2,0.0,19.7
2016-10-25,27.2,12.8,0.0,20.0
2016-10-26,27.8,15.0,0.3,21.4
2016-10-27,27.8,15.0,0.0,21.4
2016-10-28,28.3,16.1,0.0,22.200000000000003
2016-10-29,29.4,16.1,0.0,22.75
2016-10-30,30.0,15.6,0.0,22.8
2016-10-31,30.6,17.8,0.0,24.200000000000003
2016-11-01,29.4,16.1,0.0,22.75
2016-11-02,28.3,17.8,0.0,23.05
2016-11-03,29.4,17.2,0.0,23.299999999999997
2016-11-04,24.4,13.3,0.0,18.85
2016-11-05,20.6,9.4,0.0,15.0
2016-11-06,25.0,10.0,0.0,17.5
2016-11-07,23.3,9.4,0.8,16.35
2016-11-08,18.3,13.9,1.8,16.1
2016-11-09,19.4,10.0,0.0,14.7
2016-11-10,20.0,5.0,0.0,12.5
2016-11-11,22.8,6.1,0.0,14.45
2016-11-12,17.8,6.1,0.0,11.95
2016-11-13,19.4,3.9,0.0,11.649999999999999
2016-11-14,20.6,3.9,0.0,12.25
2016-11-15,23.3,9.4,0.0,16.35
2016-11-16,26.7,7.2,0.0,16.95
2016-11-17,27.2,12.2,0.0,19.7
2016-11-18,25.6,6.7,14.5,16.150000000000002
2016-11-19,11.1,3.3,0.0,7.199999999999999
2016-11-20,13.3,0.6,0.0,6.95
2016-11-21,16.1,1.1,0.0,8.600000000000001
2016-11-22,20.0,5.6,0.0,12.8
2016-11-23,17.2,11.7,12.7,14.45
2016-11-24,12.2,8.9,0.0,10.55
2016-11-25,13.9,5.0,0.0,9.45
2016-11-26,13.3,2.8,0.0,8.05
2016-11-27,12.2,0.6,0.0,6.3999999999999995
2016-11-28,16.7,10.0,34.0,13.35
2016-11-29,21.7,8.9,1.3,15.3
2016-11-30,14.4,5.0,0.0,9.7
2016-12-01,14.4,0.6,0.0,7.5
2016-12-02,17.8,1.1,0.0,9.450000000000001
2016-12-03,10.0,5.6,8.6,7.8
2016-12-04,9.4,5.6,3.8,7.5
2016-12-05,8.3,5.6,1.3,6.95
2016-12-06,11.1,4.4,45.2,7.75
2016-12-07,8.9,5.0,0.0,6.95
2016-12-08,5.0,-1.6,0.0,1.7
2016-12-09,3.9,-4.9,0.0,-0.5000000000000002
2016-12-10,8.3,-4.3,0.0,2.0000000000000004
2016-12-11,14.4,2.8,1.3,8.6
2016-12-12,13.3,6.7,18.3,10.0
2016-12-13,9.4,3.3,0.5,6.35
2016-12-14,6.1,-0.5,0.0,2.8
2016-12-15,2.2,-2.1,0.0,0.050000000000000044
2016-12-16,13.3,-2.1,1.3,5.6000000000000005
2016-12-17,24.4,1.7,26.9,13.049999999999999
2016-12-18,1.1,-6.0,2.3,-2.45
2016-12-19,0.6,-9.3,0.0,-4.3500000000000005
2016-12-20,7.8,-7.7,0.0,0.04999999999999982
2016-12-21,13.9,1.7,0.0,7.8
2016-12-22,11.7,2.8,0.0,7.25
2016-12-23,16.7,4.4,6.4,10.55
2016-12-24,16.7,13.9,49.0,15.3
2016-12-25,20.0,12.2,0.0,16.1
2016-12-26,25.0,14.4,4.8,19.7
2016-12-27,14.4,5.6,2.0,10.0
2016-12-28,17.2,3.3,5.1,10.25
2016-12-29,12.2,3.9,0.0,8.049999999999999
2016-12-30,12.2,0.6,0.0,6.3999999999999995
2016-12-31,9.4,7.2,9.4,8.3
2017-01-01,11.1,8.9,0.0,10.0
2017-01-02,18.9,10.6,19.3,14.75
2017-01-03,15.0,6.7,0.5,10.85
2017-01-04,6.7,-0.5,0.0,3.1
2017-01-05,1.7,-2.7,0.0,-0.5000000000000001
2017-01-06,-2.7,-7.1,2.0,-4.9
2017-01-07,-4.3,-10.5,0.0,-7.4
2017-01-08,-1.0,-10.5,0.0,-5.75
2017-01-09,10.0,-5.5,0.0,2.25
2017-01-10,18.9,9.4,37.3,14.149999999999999
2017-01-11,22.2,15.6,0.8,18.9
2017-01-12,24.4,10.0,0.5,17.2
2017-01-13,10.0,7.2,0.0,8.6
2017-01-14,13.3,7.2,1.3,10.25
2017-01-15,15.6,6.7,0.0,11.15
2017-01-16,20.6,10.0,1.8,15.3
2017-01-17,20.6,8.9,18.5,14.75
2017-01-18,12.8,7.8,0.5,10.3
2017-01-19,18.9,11.7,9.1,15.299999999999999
2017-01-20,20.0,13.3,0.0,16.65
2017-01-21,22.2,15.0,0.3,18.6
2017-01-22,16.7,11.7,16.3,14.2
2017-01-23,11.7,4.4,0.0,8.05
2017-01-24,17.8,2.2,0.0,10.0
2017-01-25,20.6,7.2,0.0,13.9
2017-01-26,7.8,1.7,0.0,4.75
2017-01-27,10.0,-1.0,0.0,4.5
2017-01-28,11.1,0.6,0.0,5.85
2017-01-29,11.7,2.2,0.0,6.949999999999999
2017-01-30,16.7,2.8,0.0,9.75
2017-01-31,22.2,5.6,0.0,13.899999999999999
2017-02-01,16.7,11.1,0.5,13.899999999999999
2017-02-02,11.1,2.8,3.3,6.949999999999999
2017-02-03,7.8,-0.5,0.0,3.65
2017-02-04,9.4,-3.2,1.3,3.1
2017-02-05,14.4,5.6,0.0,10.0
2017-02-06,22.8,11.1,4.6,16.95
2017-02-07,26.1,15.6,0.3,20.85
2017-02-08,21.7,2.2,0.0,11.95
2017-02-09,7.2,-0.5,0.0,3.35
2017-02-10,20.6,1.7,0.0,11.15
2017-02-11,26.1,17.2,0.0,21.65
2017-02-12,22.2,10.0,1.0,16.1
2017-02-13,15.6,4.4,0.0,10.0
2017-02-14,10.6,5.6,13.2,8.1
2017-02-15,12.2,2.8,0.3,7.5
2017-02-16,16.1,0.0,0.0,8.05
2017-02-17,20.6,4.4,0.0,12.5
2017-02-18,18.9,10.6,1.0,14.75
2017-02-19,25.0,7.8,0.0,16.4
2017-02-20,26.1,13.3,0.0,19.700000000000003
2017-02-21,21.1,15.0,3.6,18.05
2017-02-22,24.4,15.0,0.0,19.7
2017-02-23,25.0,12.2,0.0,18.6
2017-02-24,21.1,10.0,0.0,15.55
2017-02-25,10.0,1.1,0.0,5.55
2017-02-26,16.7,0.0,0.0,8.35
2017-02-27,19.4,8.3,5.8,13.85
2017-02-28,24.4,13.9,0.8,19.15
2017-03-01,23.3,8.9,17.0,16.1
2017-03-02,15.0,4.4,0.0,9.7
2017-03-03,14.4,3.9,0.0,9.15
2017-03-04,21.1,5.6,0.0,13.350000000000001
2017-03-05,13.3,10.0,1.8,11.65
2017-03-06,22.2,12.2,6.6,17.2
2017-03-07,18.9,5.0,26.2,11.95
2017-03-08,21.1,3.9,0.0,12.5
2017-03-09,23.9,8.9,3.6,16.4
2017-03-10,15.6,7.2,4.6,11.4
2017-03-11,7.2,0.6,2.3,3.9
2017-03-12,11.7,-0.5,0.0,5.6
2017-03-13,9.4,0.6,5.1,5.0
2017-03-14,3.9,0.0,0.0,1.95
2017-03-15,6.7,-3.8,0.0,1.4500000000000002
2017-03-16,9.4,1.7,0.0,5.55
2017-03-17,21.7,8.9,0.0,15.3
2017-03-18,22.8,10.6,7.4,16.7
2017-03-19,20.0,7.8,0.0,13.9
2017-03-20,29.4,14.4,0.0,21.9
2017-03-21,26.1,15.0,0.0,20.55
2017-03-22,17.8,8.9,5.6,13.350000000000001
2017-03-23,26.1,10.0,0.0,18.05
2017-03-24,26.7,18.3,0.0,22.5
2017-03-25,21.1,14.4,9.9,17.75
2017-03-26,23.9,14.4,0.0,19.15
2017-03-27,27.8,15.6,0.0,21.7
2017-03-28,26.1,15.0,0.0,20.55
2017-03-29,28.3,16.1,0.0,22.200000000000003
2017-03-30,23.9,12.8,1.8,18.35
2017-03-31,21.7,8.9,0.0,15.3
2017-04-01,22.2,10.6,0.0,16.4
2017-04-02,26.7,11.1,7.6,18.9
2017-04-03,23.3,16.1,10.2,19.700000000000003
2017-04-04,27.2,12.2,0.0,19.7
2017-04-05,22.2,10.0,2.5,16.1
2017-04-06,18.9,7.8,0.0,13.35
2017-04-07,18.9,6.7,0.0,12.799999999999999
2017-04-08,23.9,6.7,0.0,15.299999999999999
2017-04-09,26.7,12.8,0.0,19.75
2017-04-10,25.6,16.1,0.0,20.85
2017-04-11,22.2,15.0,1.3,18.6
2017-04-12,27.2,12.8,0.0,20.0
2017-04-13,30.0,15.6,0.0,22.8
2017-04-14,30.6,16.1,0.0,23.35
2017-04-15,27.8,16.1,0.0,21.950000000000003
2017-04-16,27.2,18.3,0.0,22.75
2017-04-17,23.3,17.2,19.6,20.25
2017-04-18,26.1,17.2,2.8,21.65
2017-04-19,29.4,18.3,0.0,23.85
2017-04-20,28.3,18.9,0.8,23.6
2017-04-21,24.4,15.6,9.9,20.0
2017-04-22,16.7,10.6,18.8,13.649999999999999
2017-04-23,15.6,10.0,0.5,12.8
2017-04-24,23.9,8.9,0.0,16.4
2017-04-25,27.2,11.7,0.0,19.45
2017-04-26,26.7,16.1,26.4,21.4
2017-04-27,20.6,10.6,0.0,15.600000000000001
2017-04-28,29.4,13.3,0.0,21.35
2017-04-29,31.1,20.6,8.9,25.85
2017-04-30,25.0,13.3,26.9,19.15
2017-05-01,20.6,11.1,0.0,15.850000000000001
2017-05-02,27.2,8.9,0.0,18.05
2017-05-03,26.7,15.0,1.0,20.85
2017-05-04,18.3,8.3,11.7,13.3
2017-05-05,21.1,8.9,1.3,15.0
2017-05-06,26.1,8.3,0.0,17.200000000000003
2017-05-07,26.1,12.2,0.0,19.15
2017-05-08,28.9,13.3,0.0,21.1
2017-05-09,29.4,16.1,0.0,22.75
2017-05-10,29.4,18.3,0.0,23.85
2017-05-11,28.3,17.8,11.4,23.05
2017-05-12,21.1,17.2,20.8,19.15
2017-05-13,26.1,15.0,0.0,20.55
2017-05-14,28.3,12.8,0.0,20.55
2017-05-15,29.4,14.4,0.0,21.9
2017-05-16,31.1,18.9,0.0,25.0
2017-05-17,30.6,20.0,0.0,25.3
2017-05-18,31.1,22.8,0.0,26.950000000000003
2017-05-19,29.4,23.3,6.9,26.35
2017-05-20,26.7,19.4,1.5,23.049999999999997
2017-05-21,26.7,17.8,0.0,22.25
2017-05-22,23.3,16.7,0.0,20.0
2017-05-23,26.7,16.7,1.0,21.7
2017-05-24,22.2,13.3,9.1,17.75
2017-05-25,24.4,11.1,0.0,17.75
2017-05-26,29.4,17.8,0.0,23.6
2017-05-27,31.7,18.3,11.7,25.0
2017-05-28,27.2,17.8,29.7,22.5
2017-05-29,30.0,20.6,0.3,25.3
2017-05-30,31.1,19.4,0.8,25.25
2017-05-31,31.7,19.4,0.0,25.549999999999997
2017-06-01,30.0,20.6,0.0,25.3
2017-06-02,30.6,20.6,0.3,25.6
2017-06-03,31.7,21.1,0.0,26.4
2017-06-04,25.0,22.2,34.3,23.6
2017-06-05,28.9,21.7,13.0,25.299999999999997
2017-06-06,32.2,21.7,0.0,26.950000000000003
2017-06-07,28.9,18.3,0.0,23.6
2017-06-08,26.7,17.2,0.0,21.95
2017-06-09,29.4,15.0,0.0,22.2
2017-06-10,30.6,17.2,0.0,23.9
2017-06-11,32.2,20.0,0.0,26.1
2017-06-12,31.1,23.3,0.0,27.200000000000003
2017-06-13,32.2,22.2,0.0,27.200000000000003
2017-06-14,33.3,23.3,0.0,28.299999999999997
2017-06-15,32.2,24.4,7.9,28.3
2017-06-16,32.8,20.0,5.1,26.4
2017-06-17,31.7,19.4,0.0,25.549999999999997
2017-06-18,31.7,22.2,3.0,26.95
2017-06-19,31.1,22.2,0.0,26.65
2017-06-20,33.3,20.6,0.0,26.95
2017-06-21,31.7,21.7,0.3,26.7
2017-06-22,32.2,23.3,9.7,27.75
2017-06-23,30.0,22.2,41.4,26.1
2017-06-24,28.3,21.1,0.0,24.700000000000003
2017-06-25,30.0,18.3,0.0,24.15
2017-06-26,30.6,17.8,0.0,24.200000000000003
2017-06-27,30.0,20.0,0.0,25.0
2017-06-28,31.7,21.7,0.0,26.7
2017-06-29,31.7,22.2,0.0,26.95
2017-06-30,31.1,23.3,2.3,27.200000000000003
2017-07-01,32.2,23.3,0.0,27.75
2017-07-02,31.7,22.2,0.0,26.95
2017-07-03,30.0,22.8,5.3,26.4
2017-07-04,31.7,22.2,15.5,26.95
2017-07-05,31.7,23.3,0.0,27.5
2017-07-06,31.7,23.3,0.8,27.5
2017-07-07,33.3,22.2,0.0,27.75
2017-07-08,32.2,22.8,0.0,27.5
2017-07-09,33.3,21.1,0.0,27.2
2017-07-10,33.3,21.7,0.0,27.5
2017-07-11,34.4,22.2,0.0,28.299999999999997
2017-07-12,33.3,24.4,0.0,28.849999999999998
2017-07-13,34.4,24.4,0.0,29.4
2017-07-14,34.4,23.3,13.5,28.85
2017-07-15,33.3,23.9,0.0,28.599999999999998
2017-07-16,33.3,23.3,0.0,28.299999999999997
2017-07-17,33.9,21.1,0.0,27.5
2017-07-18,35.6,23.9,0.0,29.75
2017-07-19,36.1,25.0,0.0,30.55
2017-07-20,36.1,25.6,2.0,30.85
2017-07-21,37.2,26.1,0.0,31.650000000000002
2017-07-22,36.7,25.6,0.0,31.150000000000002
2017-07-23,36.1,23.3,38.1,29.700000000000003
2017-07-24,33.3,23.3,0.0,28.299999999999997
2017-07-25,35.6,23.9,0.0,29.75
2017-07-26,35.0,25.6,0.0,30.3
2017-07-27,35.0,25.6,3.6,30.3
2017-07-28,29.4,23.9,20.6,26.65
2017-07-29,31.1,22.8,0.0,26.950000000000003
2017-07-30,31.1,19.4,0.0,25.25
2017-07-31,32.2,20.6,0.0,26.400000000000002
2017-08-01,29.4,22.2,0.5,25.799999999999997
2017-08-02,31.1,20.0,3.8,25.55
2017-08-03,32.2,21.7,0.0,26.950000000000003
2017-08-04,29.4,20.0,25.7,24.7
2017-08-05,31.1,19.4,0.0,25.25
2017-08-06,29.4,22.2,3.0,25.799999999999997
2017-08-07,28.3,22.8,0.0,25.55
2017-08-08,30.6,22.2,0.0,26.4
2017-08-09,31.7,21.1,0.0,26.4
2017-08-10,33.9,21.7,0.0,27.799999999999997
2017-08-11,31.1,21.1,34.0,26.1
2017-08-12,30.6,22.2,0.0,26.4
2017-08-13,27.8,22.2,0.5,25.0
2017-08-14,29.4,23.3,7.6,26.35
2017-08-15,31.7,22.8,4.6,27.25
2017-08-16,32.2,23.9,0.0,28.05
2017-08-17,31.1,23.9,10.2,27.5
2017-08-18,32.8,22.2,0.0,27.5
2017-08-19,34.4,22.8,0.0,28.6
2017-08-20,35.0,24.4,32.8,29.7
2017-08-21,35.0,24.4,0.0,29.7
2017-08-22,33.3,24.4,0.5,28.849999999999998
2017-08-23,29.4,21.1,0.0,25.25
2017-08-24,29.4,18.3,0.0,23.85
2017-08-25,30.6,18.9,0.0,24.75
2017-08-26,30.6,21.1,0.0,25.85
2017-08-27,31.7,23.3,0.0,27.5
2017-08-28,28.9,21.1,10.2,25.0
2017-08-29,30.6,19.4,0.0,25.0
2017-08-30,26.7,22.8,0.0,24.75
2017-08-31,25.6,18.9,102.6,22.25
2017-09-01,27.8,19.4,0.5,23.6
2017-09-02,28.9,17.8,0.0,23.35
2017-09-03,30.6,18.3,0.0,24.450000000000003
2017-09-04,31.1,20.6,0.0,25.85
2017-09-05,25.0,16.1,2.5,20.55
2017-09-06,25.0,13.9,0.0,19.45
2017-09-07,25.6,12.8,0.0,19.200000000000003
2017-09-08,27.2,14.4,0.0,20.8
2017-09-09,27.8,15.6,0.0,21.7
2017-09-10,27.2,16.7,0.0,21.95
2017-09-11,26.1,15.6,0.0,20.85
2017-09-12,18.9,14.4,32.3,16.65
2017-09-13,22.8,16.7,4.1,19.75
2017-09-14,29.4,17.2,0.0,23.299999999999997
2017-09-15,30.6,19.4,0.0,25.0
2017-09-16,31.7,21.7,0.0,26.7
2017-09-17,33.3,21.7,0.0,27.5
2017-09-18,33.3,22.2,1.3,27.75
2017-09-19,32.8,21.1,0.0,26.95
2017-09-20,32.8,22.8,0.0,27.799999999999997
2017-09-21,32.8,22.8,0.0,27.799999999999997
2017-09-22,33.9,23.3,0.0,28.6
2017-09-23,33.3,22.8,0.0,28.049999999999997
2017-09-24,32.2,22.2,0.3,27.200000000000003
2017-09-25,31.7,20.6,0.0,26.15
2017-09-26,32.2,20.6,0.0,26.400000000000002
2017-09-27,33.3,21.7,0.0,27.5
2017-09-28,28.3,18.9,0.0,23.6
2017-09-29,27.8,16.1,0.0,21.950000000000003
2017-09-30,26.7,17.8,0.0,22.25
2017-10-01,27.8,16.7,0.0,22.25
2017-10-02,25.6,18.3,0.0,21.950000000000003
2017-10-03,30.6,22.2,0.0,26.4
2017-10-04,28.9,20.0,0.0,24.45
2017-10-05,29.4,18.9,0.0,24.15
2017-10-06,30.0,17.2,0.0,23.6
2017-10-07,31.1,21.7,0.0,26.4
2017-10-08,30.6,22.2,0.0,26.4
2017-10-09,33.3,21.7,0.3,27.5
2017-10-10,31.1,15.0,63.5,23.05
2017-10-11,20.6,12.2,0.0,16.4
2017-10-12,22.8,12.2,0.0,17.5
2017-10-13,28.3,13.3,0.0,20.8
2017-10-14,31.1,17.8,0.0,24.450000000000003
2017-10-15,26.7,12.2,1.0,19.45
2017-10-16,19.4,9.4,0.0,14.399999999999999
2017-10-17,21.7,7.2,0.0,14.45
2017-10-18,23.3,9.4,0.0,16.35
2017-10-19,25.6,9.4,0.0,17.5
2017-10-20,24.4,11.1,0.0,17.75
2017-10-21,27.8,17.2,0.0,22.5
2017-10-22,22.8,13.3,4.8,18.05
2017-10-23,21.7,11.7,3.0,16.7
2017-10-24,18.9,8.3,0.0,13.6
2017-10-25,17.8,4.4,0.0,11.100000000000001
2017-10-26,26.1,8.3,0.0,17.200000000000003
2017-10-27,17.8,5.6,29.7,11.7
2017-10-28,10.6,1.7,0.0,6.1499999999999995
2017-10-29,12.8,-0.5,0.0,6.15
2017-10-30,21.1,5.6,0.0,13.350000000000001
2017-10-31,14.4,6.1,0.3,10.25
2017-11-01,20.0,8.3,0.0,14.15
2017-11-02,28.3,18.9,0.0,23.6
2017-11-03,24.4,16.7,6.4,20.549999999999997
2017-11-04,22.2,15.0,1.8,18.6
2017-11-05,25.0,19.4,0.0,22.2
2017-11-06,22.8,13.3,25.4,18.05
2017-11-07,15.6,9.4,1.3,12.5
2017-11-08,10.6,9.4,0.0,10.0
2017-11-09,16.7,5.0,0.0,10.85
2017-11-10,14.4,4.4,0.0,9.4
2017-11-11,16.7,2.2,0.0,9.45
2017-11-12,19.4,10.0,0.0,14.7
2017-11-13,15.0,7.2,0.0,11.1
2017-11-14,18.3,3.9,0.0,11.1
2017-11-15,16.7,9.4,3.0,13.05
2017-11-16,18.3,8.9,0.0,13.600000000000001
2017-11-17,22.8,7.8,0.0,15.3
2017-11-18,24.4,6.7,7.6,15.549999999999999
2017-11-19,10.6,1.1,0.0,5.85
2017-11-20,12.8,-1.0,0.0,5.9
2017-11-21,16.7,2.8,0.0,9.75
2017-11-22,9.4,0.0,0.0,4.7
2017-11-23,13.3,-1.6,0.0,5.8500000000000005
2017-11-24,17.2,1.1,0.0,9.15
2017-11-25,20.0,7.2,0.0,13.6
2017-11-26,18.9,2.8,0.0,10.85
2017-11-27,19.4,2.8,0.0,11.1
2017-11-28,20.0,6.1,0.0,13.05
2017-11-29,19.4,7.2,0.5,13.299999999999999
2017-11-30,20.0,10.0,0.0,15.0
2017-12-01,17.2,4.4,0.0,10.8
2017-12-02,20.6,5.6,0.0,13.100000000000001
2017-12-03,21.1,6.7,0.0,13.9
2017-12-04,21.7,10.0,0.8,15.85
2017-12-05,18.3,3.9,27.4,11.1
2017-12-06,9.4,2.8,0.0,6.1
2017-12-07,6.7,0.0,0.0,3.35
2017-12-08,5.0,-3.8,0.0,0.6000000000000001
2017-12-09,8.3,-4.3,0.0,2.0000000000000004
2017-12-10,12.2,-3.8,0.0,4.199999999999999
2017-12-11,18.3,1.1,0.0,9.700000000000001
2017-12-12,10.6,-1.6,0.0,4.5
2017-12-13,14.4,-2.1,0.0,6.15
2017-12-14,10.6,1.1,0.0,5.85
2017-12-15,8.3,-2.1,0.0,3.1000000000000005
2017-12-16,12.8,0.0,0.0,6.4
2017-12-17,9.4,5.0,17.3,7.2
2017-12-18,9.4,6.1,0.0,7.75
2017-12-19,14.4,7.2,18.0,10.8
2017-12-20,15.6,9.4,23.4,12.5
2017-12-21,14.4,8.3,0.0,11.350000000000001
2017-12-22,17.8,8.3,84.6,13.05
2017-12-23,8.3,3.3,12.7,5.800000000000001
2017-12-24,6.1,-1.6,0.3,2.25
2017-12-25,2.2,-2.1,0.0,0.050000000000000044
2017-12-26,5.6,-1.6,0.0,1.9999999999999998
2017-12-27,-1.0,-6.0,0.0,-3.5
2017-12-28,2.2,-8.2,0.0,-2.9999999999999996
2017-12-29,7.8,-4.3,0.0,1.75
2017-12-30,5.6,-3.2,0.0,1.1999999999999997
2017-12-31,-3.2,-9.9,0.0,-6.550000000000001
2018-01-01,-4.9,-12.1,0.0,-8.5
2018-01-02,-2.7,-12.1,0.0,-7.4
2018-01-03,2.2,-8.2,0.0,-2.9999999999999996
2018-01-04,-1.0,-7.7,0.0,-4.35
2018-01-05,5.6,-8.2,0.0,-1.2999999999999998
2018-01-06,3.9,-4.9,0.0,-0.5000000000000002
2018-01-07,8.9,-2.7,1.3,3.1
2018-01-08,8.3,5.6,9.7,6.95
2018-01-09,10.0,5.6,0.0,7.8
2018-01-10,16.7,10.0,1.0,13.35
2018-01-11,18.9,5.6,27.9,12.25
2018-01-12,5.6,-6.0,22.9,-0.20000000000000018
2018-01-13,-1.0,-6.6,0.0,-3.8
2018-01-14,-0.5,-6.6,0.0,-3.55
2018-01-15,6.7,-4.3,0.8,1.2000000000000002
2018-01-16,-3.2,-12.1,1.8,-7.65
2018-01-17,-5.5,-13.8,0.0,-9.65
2018-01-18,2.2,-11.6,0.0,-4.699999999999999
2018-01-19,7.2,-6.0,0.0,0.6000000000000001
2018-01-20,16.1,6.1,0.3,11.100000000000001
2018-01-21,20.0,11.7,0.0,15.85
2018-01-22,17.8,8.3,19.8,13.05
2018-01-23,8.3,0.0,0.0,4.15
2018-01-24,12.2,-2.1,0.0,5.05
2018-01-25,16.1,0.6,0.0,8.350000000000001
2018-01-26,17.2,4.4,0.0,10.8
2018-01-27,13.3,10.6,16.8,11.95
2018-01-28,15.6,5.0,0.0,10.3
2018-01-29,7.8,-2.1,0.0,2.8499999999999996
2018-01-30,7.2,-3.8,0.0,1.7000000000000002
2018-01-31,16.1,1.1,0.0,8.600000000000001
2018-02-01,13.3,-1.0,0.5,6.15
2018-02-02,3.3,-4.3,0.0,-0.5
2018-02-03,12.2,-0.5,4.3,5.85
2018-02-04,12.8,-0.5,7.4,6.15
2018-02-05,7.8,-4.3,0.0,1.75
2018-02-06,7.2,2.8,22.6,5.0
2018-02-07,2.8,-1.6,14.2,0.5999999999999999
2018-02-08,10.6,-3.8,0.0,3.4
2018-02-09,18.9,2.2,3.6,10.549999999999999
2018-02-10,13.9,5.0,50.5,9.45
2018-02-11,5.0,-0.5,1.0,2.25
2018-02-12,6.1,-1.6,0.0,2.25
2018-02-13,11.1,0.6,2.8,5.85
2018-02-14,20.0,10.6,20.8,15.3
2018-02-15,23.3,18.3,0.0,20.8
2018-02-16,21.1,6.1,0.5,13.600000000000001
2018-02-17,9.4,4.4,7.9,6.9
2018-02-18,15.6,2.2,0.0,8.9
2018-02-19,25.0,13.3,0.0,19.15
2018-02-20,25.0,18.9,0.0,21.95
2018-02-21,22.2,7.2,71.6,14.7
2018-02-22,13.9,5.0,14.0,9.45
2018-02-23,21.7,11.1,0.8,16.4
2018-02-24,23.9,12.8,24.1,18.35
2018-02-25,13.3,7.2,0.3,10.25
2018-02-26,19.4,5.0,0.0,12.2
2018-02-27,21.1,6.7,15.0,13.9
2018-02-28,20.6,13.3,79.2,16.950000000000003
2018-03-01,18.9,10.6,23.6,14.75
2018-03-02,15.6,6.1,0.0,10.85
2018-03-03,17.8,3.9,0.0,10.85
2018-03-04,20.0,4.4,0.0,12.2
2018-03-05,19.4,10.0,11.7,14.7
2018-03-06,16.7,2.8,0.0,9.75
2018-03-07,8.3,1.7,0.0,5.0
2018-03-08,9.4,0.6,0.0,5.0
2018-03-09,18.9,2.2,0.0,10.549999999999999
2018-03-10,20.0,13.3,0.5,16.65
2018-03-11,15.0,3.3,1.0,9.15
2018-03-12,11.1,2.2,0.0,6.65
2018-03-13,12.8,-0.5,0.0,6.15
2018-03-14,12.8,2.2,0.0,7.5
2018-03-15,20.0,5.0,0.0,12.5
2018-03-16,16.1,11.1,7.1,13.600000000000001
2018-03-17,24.4,13.3,0.0,18.85
2018-03-18,17.2,7.8,1.0,12.5
2018-03-19,22.2,10.6,4.3,16.4
2018-03-20,13.3,6.1,1.5,9.7
2018-03-21,13.3,3.3,0.0,8.3
2018-03-22,18.3,2.2,0.0,10.25
2018-03-23,22.2,10.6,0.3,16.4
2018-03-24,21.7,11.1,4.1,16.4
2018-03-25,14.4,6.7,0.0,10.55
2018-03-26,18.9,9.4,0.0,14.149999999999999
2018-03-27,25.6,13.9,0.0,19.75
2018-03-28,19.4,16.1,53.8,17.75
2018-03-29,21.7,11.7,3.8,16.7
2018-03-30,16.7,8.9,0.0,12.8
2018-03-31,21.7,6.7,0.0,14.2
2018-04-01,21.7,7.2,0.0,14.45
2018-04-02,20.6,6.7,0.0,13.65
2018-04-03,25.6,8.3,1.5,16.950000000000003
2018-04-04,11.7,2.8,0.0,7.25
2018-04-05,16.7,2.8,1.0,9.75
2018-04-06,13.3,8.3,16.5,10.8
2018-04-07,8.3,0.6,0.0,4.45
2018-04-08,11.1,-1.0,0.0,5.05
2018-04-09,17.2,3.9,0.0,10.549999999999999
2018-04-10,15.6,6.7,0.0,11.15
2018-04-11,22.2,4.4,0.0,13.3
2018-04-12,26.7,11.7,0.0,19.2
2018-04-13,26.1,18.3,0.0,22.200000000000003
2018-04-14,22.2,8.3,76.7,15.25
2018-04-15,8.3,2.8,0.0,5.550000000000001
2018-04-16,12.8,1.7,0.0,7.25
2018-04-17,25.0,6.1,0.0,15.55
2018-04-18,26.1,13.9,0.0,20.0
2018-04-19,13.9,5.6,0.0,9.75
2018-04-20,21.7,4.4,0.0,13.05
2018-04-21,23.9,8.3,0.3,16.1
2018-04-22,20.6,14.4,40.4,17.5
2018-04-23,16.1,11.7,10.7,13.9
2018-04-24,20.0,11.7,0.0,15.85
2018-04-25,23.9,10.6,3.8,17.25
2018-04-26,17.8,10.6,48.8,14.2
2018-04-27,23.3,10.0,0.0,16.65
2018-04-28,23.9,8.3,0.0,16.1
2018-04-29,21.7,10.0,0.0,15.85
2018-04-30,25.6,8.9,0.0,17.25
2018-05-01,27.8,13.3,0.0,20.55
2018-05-02,29.4,19.4,0.0,24.4
2018-05-03,27.8,20.6,0.0,24.200000000000003
2018-05-04,25.0,18.9,0.5,21.95
2018-05-05,25.0,15.0,9.4,20.0
2018-05-06,30.0,13.3,0.0,21.65
2018-05-07,30.0,15.0,0.0,22.5
2018-05-08,30.6,17.2,0.0,23.9
2018-05-09,31.7,20.6,0.0,26.15
2018-05-10,32.2,19.4,0.0,25.8
2018-05-11,31.7,19.4,0.0,25.549999999999997
2018-05-12,31.1,19.4,0.0,25.25
2018-05-13,33.3,20.0,0.0,26.65
2018-05-14,33.9,21.7,0.0,27.799999999999997
2018-05-15,33.9,21.7,0.0,27.799999999999997
2018-05-16,31.1,22.2,0.8,26.65
2018-05-17,29.4,20.0,26.9,24.7
2018-05-18,29.4,18.9,0.0,24.15
2018-05-19,31.7,21.1,1.8,26.4
2018-05-20,33.3,21.1,2.5,27.2
2018-05-21,27.2,20.6,10.7,23.9
2018-05-22,31.1,21.1,0.0,26.1
2018-05-23,32.2,21.7,0.0,26.950000000000003
2018-05-24,30.6,21.7,10.4,26.15
2018-05-25,30.6,21.7,0.3,26.15
2018-05-26,30.6,21.7,0.0,26.15
2018-05-27,31.7,20.6,20.1,26.15
2018-05-28,31.7,20.6,0.0,26.15
2018-05-29,28.3,22.2,1.0,25.25
2018-05-30,33.3,22.2,0.0,27.75
2018-05-31,32.2,24.4,0.0,28.3
2018-06-01,31.1,21.1,0.5,26.1
2018-06-02,34.4,21.1,0.0,27.75
2018-06-03,30.0,20.6,0.0,25.3
2018-06-04,31.1,17.8,0.0,24.450000000000003
2018-06-05,31.7,20.6,0.0,26.15
2018-06-06,33.9,18.9,0.0,26.4
2018-06-07,33.9,20.6,0.0,27.25
2018-06-08,35.0,22.2,0.0,28.6
2018-06-09,35.0,23.3,0.0,29.15
2018-06-10,34.4,23.9,0.0,29.15
2018-06-11,32.8,22.8,0.0,27.799999999999997
2018-06-12,32.8,22.8,4.6,27.799999999999997
2018-06-13,31.7,22.8,0.0,27.25
2018-06-14,34.4,22.2,0.0,28.299999999999997
2018-06-15,35.6,23.9,0.0,29.75
2018-06-16,35.6,24.4,0.0,30.0
2018-06-17,34.4,24.4,0.0,29.4
2018-06-18,34.4,23.3,0.0,28.85
2018-06-19,31.1,23.9,0.0,27.5
2018-06-20,31.1,21.1,2.3,26.1
2018-06-21,31.7,21.1,7.4,26.4
2018-06-22,31.7,21.7,0.0,26.7
2018-06-23,32.8,22.2,16.8,27.5
2018-06-24,32.2,21.1,12.2,26.650000000000002
2018-06-25,32.8,24.4,0.0,28.599999999999998
2018-06-26,33.9,25.0,0.0,29.45
2018-06-27,34.4,23.9,0.0,29.15
2018-06-28,35.0,22.2,5.3,28.6
2018-06-29,30.0,22.2,1.8,26.1
2018-06-30,35.0,23.3,1.5,29.15
2018-07-01,35.0,23.9,0.0,29.45
2018-07-02,33.9,26.1,0.0,30.0
2018-07-03,33.3,24.4,0.0,28.849999999999998
2018-07-04,35.6,25.0,0.0,30.3
2018-07-05,36.1,24.4,0.5,30.25
2018-07-06,35.6,24.4,0.0,30.0
2018-07-07,31.7,23.9,0.8,27.799999999999997
2018-07-08,32.8,23.3,0.0,28.049999999999997
2018-07-09,32.2,24.4,0.0,28.3
2018-07-10,34.4,23.9,0.0,29.15
2018-07-11,36.1,25.0,0.0,30.55
2018-07-12,35.0,24.4,13.7,29.7
2018-07-13,36.1,25.0,0.0,30.55
2018-07-14,35.6,26.1,0.0,30.85
2018-07-15,35.6,22.8,27.9,29.200000000000003
2018-07-16,33.9,22.8,0.0,28.35
2018-07-17,34.4,23.3,0.0,28.85
2018-07-18,32.2,22.8,51.1,27.5
2018-07-19,33.3,23.9,0.0,28.599999999999998
2018-07-20,33.9,23.9,0.3,28.9
2018-07-21,32.8,24.4,0.0,28.599999999999998
2018-07-22,30.6,23.3,0.0,26.950000000000003
2018-07-23,29.4,21.1,0.0,25.25
2018-07-24,31.7,20.6,0.0,26.15
2018-07-25,33.3,22.2,0.0,27.75
2018-07-26,33.3,22.2,0.0,27.75
2018-07-27,31.7,22.2,14.5,26.95
2018-07-28,33.9,21.1,0.0,27.5
2018-07-29,33.3,23.3,0.0,28.299999999999997
2018-07-30,27.8,20.6,0.0,24.200000000000003
2018-07-31,28.3,20.0,18.3,24.15
2018-08-01,29.4,19.4,0.0,24.4
2018-08-02,31.7,20.0,0.0,25.85
2018-08-03,33.3,20.6,0.0,26.95
2018-08-04,33.3,21.7,0.5,27.5
2018-08-05,32.2,23.3,0.0,27.75
2018-08-06,33.9,23.3,0.0,28.6
2018-08-07,33.9,23.9,0.0,28.9
2018-08-08,31.1,23.3,5.3,27.200000000000003
2018-08-09,28.9,22.8,0.0,25.85
2018-08-10,32.8,21.1,0.0,26.95
2018-08-11,35.0,22.2,0.0,28.6
2018-08-12,34.4,24.4,0.0,29.4
2018-08-13,32.8,23.3,0.3,28.049999999999997
2018-08-14,32.2,23.3,0.0,27.75
2018-08-15,34.4,25.0,0.0,29.7
2018-08-16,35.0,26.7,0.0,30.85
2018-08-17,31.7,21.1,0.3,26.4
2018-08-18,32.2,22.2,1.3,27.200000000000003
2018-08-19,31.7,23.3,0.0,27.5
2018-08-20,29.4,21.7,27.4,25.549999999999997
2018-08-21,29.4,21.1,0.0,25.25
2018-08-22,30.0,20.0,0.0,25.0
2018-08-23,29.4,18.3,0.0,23.85
2018-08-24,31.7,19.4,0.0,25.549999999999997
2018-08-25,32.8,22.2,0.0,27.5
2018-08-26,34.4,24.4,0.0,29.4
2018-08-27,34.4,24.4,0.0,29.4
2018-08-28,33.9,24.4,0.0,29.15
2018-08-29,33.9,22.8,17.0,28.35
2018-08-30,32.8,22.8,0.5,27.799999999999997
2018-08-31,31.1,23.3,0.0,27.200000000000003
2018-09-01,32.8,22.2,0.0,27.5
2018-09-02,33.9,23.3,0.0,28.6
2018-09-03,33.3,24.4,0.0,28.849999999999998
2018-09-04,33.9,24.4,0.0,29.15
2018-09-05,32.2,23.9,1.3,28.05
2018-09-06,30.0,24.4,1.3,27.2
2018-09-07,30.0,22.8,24.4,26.4
2018-09-08,31.7,22.8,23.1,27.25
2018-09-09,23.3,18.9,23.6,21.1
2018-09-10,22.2,17.8,0.0,20.0
2018-09-11,24.4,17.2,0.0,20.799999999999997
2018-09-12,27.2,20.0,0.0,23.6
2018-09-13,33.3,21.1,0.0,27.2
2018-09-14,33.9,23.9,0.0,28.9
2018-09-15,33.3,22.8,0.0,28.049999999999997
2018-09-16,33.9,23.3,0.0,28.6
2018-09-17,33.3,22.8,0.0,28.049999999999997
2018-09-18,33.9,22.2,0.0,28.049999999999997
2018-09-19,35.0,23.9,0.0,29.45
2018-09-20,35.0,22.8,0.0,28.9
2018-09-21,33.9,23.3,1.0,28.6
2018-09-22,23.3,19.4,5.6,21.35
2018-09-23,25.6,19.4,9.4,22.5
2018-09-24,27.8,22.2,32.0,25.0
2018-09-25,30.6,23.3,1.8,26.950000000000003
2018-09-26,25.0,20.0,0.0,22.5
2018-09-27,20.0,15.0,10.4,17.5
2018-09-28,22.2,16.1,0.0,19.15
2018-09-29,27.2,14.4,0.0,20.8
2018-09-30,30.0,16.1,0.0,23.05
2018-10-01,29.4,20.0,0.0,24.7
2018-10-02,32.2,22.8,0.0,27.5
2018-10-03,31.7,21.7,0.0,26.7
2018-10-04,33.3,22.8,0.0,28.049999999999997
2018-10-05,32.2,22.8,0.0,27.5
2018-10-06,31.1,22.8,0.0,26.950000000000003
2018-10-07,32.2,22.2,0.0,27.200000000000003
2018-10-08,31.7,21.7,0.0,26.7
2018-10-09,30.6,22.2,0.0,26.4
2018-10-10,26.7,16.7,6.1,21.7
2018-10-11,20.0,11.1,0.0,15.55
2018-10-12,19.4,10.0,0.0,14.7
2018-10-13,17.2,12.8,14.0,15.0
2018-10-14,22.8,14.4,6.1,18.6
2018-10-15,20.0,8.3,13.7,14.15
2018-10-16,10.0,7.2,3.3,8.6
2018-10-17,21.7,7.8,0.0,14.75
2018-10-18,19.4,11.1,0.0,15.25
2018-10-19,21.7,9.4,3.6,15.55
2018-10-20,20.6,11.1,7.1,15.850000000000001
2018-10-21,15.6,4.4,0.0,10.0
2018-10-22,19.4,3.9,0.0,11.649999999999999
2018-10-23,21.1,7.8,0.0,14.450000000000001
2018-10-24,19.4,8.3,0.0,13.85
2018-10-25,14.4,11.1,10.9,12.75
2018-10-26,13.3,11.1,1.3,12.2
2018-10-27,20.0,7.2,0.0,13.6
2018-10-28,26.1,11.7,0.0,18.9
2018-10-29,21.7,7.2,0.0,14.45
2018-10-30,26.1,12.8,0.0,19.450000000000003
2018-10-31,25.0,17.8,25.1,21.4
2018-11-01,20.6,7.8,25.9,14.200000000000001
2018-11-02,14.4,6.1,1.0,10.25
2018-11-03,20.0,5.0,0.0,12.5
2018-11-04,15.6,10.0,8.4,12.8
2018-11-05,21.1,7.8,30.2,14.450000000000001
2018-11-06,21.7,9.4,0.0,15.55
2018-11-07,15.6,10.0,3.0,12.8
2018-11-08,15.6,8.9,0.5,12.25
2018-11-09,10.0,2.8,1.3,6.4
2018-11-10,6.1,-1.0,0.0,2.55
2018-11-11,11.1,0.0,0.0,5.55
2018-11-12,9.4,3.3,16.3,6.35
2018-11-13,3.3,-1.0,0.8,1.15
2018-11-14,-1.1,-1.6,2.0,-1.35
2018-11-15,6.7,-1.6,0.0,2.55
2018-11-16,15.6,1.1,0.0,8.35
2018-11-17,19.4,3.3,0.0,11.35
2018-11-18,18.3,6.1,0.0,12.2
2018-11-19,12.2,6.7,0.5,9.45
2018-11-20,10.0,1.7,0.0,5.85
2018-11-21,13.9,-1.6,0.0,6.15
2018-11-22,16.7,0.6,0.0,8.65
2018-11-23,13.3,5.6,9.1,9.45
2018-11-24,18.3,9.4,0.0,13.850000000000001
2018-11-25,18.3,3.9,1.0,11.1
2018-11-26,5.0,-0.5,0.0,2.25
2018-11-27,4.4,-3.8,0.0,0.30000000000000027
2018-11-28,11.7,-3.2,0.0,4.25
2018-11-29,20.0,9.4,0.0,14.7
2018-11-30,20.0,17.8,7.9,18.9
2018-12-01,22.8,15.0,16.8,18.9
2018-12-02,16.7,6.7,0.0,11.7
2018-12-03,8.9,2.2,0.0,5.550000000000001
2018-12-04,6.1,-1.6,0.0,2.25
2018-12-05,8.3,-2.1,0.0,3.1000000000000005
2018-12-06,8.3,-0.5,1.3,3.9000000000000004
2018-12-07,5.6,3.9,6.9,4.75
2018-12-08,3.9,0.6,26.2,2.25
2018-12-09,1.7,-1.0,14.5,0.35
2018-12-10,5.0,-4.3,0.0,0.3500000000000001
2018-12-11,10.6,-5.5,0.0,2.55
2018-12-12,11.7,4.4,0.0,8.05
2018-12-13,16.1,10.0,13.2,13.05
2018-12-14,13.3,10.0,14.2,11.65
2018-12-15,10.0,7.8,4.6,8.9
2018-12-16,15.0,5.6,0.0,10.3
2018-12-17,16.1,1.7,0.0,8.9
2018-12-18,16.1,2.8,0.0,9.450000000000001
2018-12-19,13.9,5.0,1.3,9.45
2018-12-20,10.6,4.4,11.9,7.5
2018-12-21,6.7,0.6,0.5,3.65
2018-12-22,14.4,0.0,0.0,7.2
2018-12-23,11.7,1.7,0.0,6.699999999999999
2018-12-24,11.7,-1.6,0.0,5.05
2018-12-25,15.0,5.0,0.5,10.0
2018-12-26,16.7,8.3,2.0,12.5
2018-12-27,16.1,12.2,27.7,14.15
2018-12-28,13.9,2.2,0.0,8.05
2018-12-29,7.8,-0.5,0.0,3.65
2018-12-30,11.7,2.2,29.2,6.949999999999999
2018-12-31,21.1,7.8,53.8,14.450000000000001
2019-01-01,10.0,5.6,0.0,7.8
2019-01-02,6.1,3.9,16.5,5.0
2019-01-03,7.8,3.9,1.8,5.85
2019-01-04,9.4,2.8,3.6,6.1
2019-01-05,14.4,2.8,0.0,8.6
2019-01-06,18.9,3.9,0.0,11.399999999999999
2019-01-07,17.2,10.0,0.5,13.6
2019-01-08,20.0,7.8,0.0,13.9
2019-01-09,9.4,2.8,0.0,6.1
2019-01-10,7.2,-0.5,0.0,3.35
2019-01-11,5.6,0.0,1.8,2.8
2019-01-12,9.4,5.0,14.5,7.2
2019-01-13,6.7,2.8,0.0,4.75
2019-01-14,4.4,2.2,0.0,3.3000000000000003
2019-01-15,7.2,0.0,0.0,3.6
2019-01-16,12.2,-0.5,0.0,5.85
2019-01-17,11.7,8.3,8.9,10.0
2019-01-18,12.2,5.0,8.6,8.6
2019-01-19,15.0,-0.5,30.5,7.25
2019-01-20,1.1,-4.3,0.0,-1.5999999999999999
2019-01-21,6.7,-4.3,0.0,1.2000000000000002
2019-01-22,11.7,2.2,1.3,6.949999999999999
2019-01-23,12.8,-0.5,32.8,6.15
2019-01-24,6.7,-3.8,0.0,1.4500000000000002
2019-01-25,3.9,-3.2,0.0,0.34999999999999987
2019-01-26,11.1,-1.0,0.0,5.05
2019-01-27,15.0,1.7,0.0,8.35
2019-01-28,16.1,0.6,0.0,8.350000000000001
2019-01-29,2.2,-4.9,0.0,-1.35
2019-01-30,1.1,-5.5,0.0,-2.2
2019-01-31,10.6,-6.6,0.0,2.0
2019-02-01,12.8,6.7,0.0,9.75
2019-02-02,21.1,3.9,0.0,12.5
2019-02-03,22.2,6.7,0.0,14.45
2019-02-04,21.7,13.9,0.0,17.8
2019-02-05,21.1,15.0,0.8,18.05
2019-02-06,22.8,16.7,2.8,19.75
2019-02-07,21.7,-1.6,20.6,10.049999999999999
2019-02-08,1.1,-4.9,0.0,-1.9000000000000001
2019-02-09,6.1,-4.3,0.5,0.8999999999999999
2019-02-10,11.1,2.8,1.5,6.949999999999999
2019-02-11,16.7,7.8,51.8,12.25
2019-02-12,14.4,5.0,11.4,9.7
2019-02-13,15.0,0.6,0.0,7.8
2019-02-14,15.6,7.2,0.0,11.4
2019-02-15,15.0,2.2,1.3,8.6
2019-02-16,5.6,-0.5,0.3,2.55
2019-02-17,7.2,2.8,4.1,5.0
2019-02-18,6.1,-0.5,0.0,2.8
2019-02-19,8.3,0.0,23.1,4.15
2019-02-20,10.6,3.3,27.7,6.949999999999999
2019-02-21,8.3,0.6,14.2,4.45
2019-02-22,13.9,7.8,41.1,10.85
2019-02-23,22.8,13.9,21.8,18.35
2019-02-24,15.0,2.8,0.0,8.9
2019-02-25,14.4,1.1,0.0,7.75
2019-02-26,19.4,2.8,0.0,11.1
2019-02-27,20.6,6.7,0.0,13.65
2019-02-28,11.7,2.2,0.0,6.949999999999999
2019-03-01,7.2,1.1,0.0,4.15
2019-03-02,7.2,2.8,0.8,5.0
2019-03-03,5.0,-2.1,22.1,1.45
2019-03-04,-0.5,-6.6,0.0,-3.55
2019-03-05,3.3,-5.5,0.0,-1.1
2019-03-06,6.7,-4.3,0.0,1.2000000000000002
2019-03-07,10.6,-0.5,0.0,5.05
2019-03-08,17.2,8.3,1.3,12.75
2019-03-09,19.4,11.7,13.2,15.549999999999999
2019-03-10,16.7,7.8,0.0,12.25
2019-03-11,17.8,7.8,5.3,12.8
2019-03-12,18.3,8.3,0.0,13.3
2019-03-13,22.8,13.3,40.4,18.05
2019-03-14,23.3,10.6,0.8,16.95
2019-03-15,14.4,6.1,0.0,10.25
2019-03-16,14.4,3.9,0.0,9.15
2019-03-17,18.3,2.2,0.0,10.25
2019-03-18,15.6,6.7,0.0,11.15
2019-03-19,17.2,3.3,0.0,10.25
2019-03-20,18.3,5.0,6.6,11.65
2019-03-21,15.6,5.0,0.0,10.3
2019-03-22,20.0,3.9,0.0,11.95
2019-03-23,20.0,5.6,0.0,12.8
2019-03-24,22.2,13.3,5.6,17.75
2019-03-25,17.8,10.6,3.6,14.2
2019-03-26,15.0,6.7,0.0,10.85
2019-03-27,18.9,3.3,0.0,11.1
2019-03-28,23.9,7.2,0.0,15.549999999999999
2019-03-29,22.2,13.9,0.0,18.05
2019-03-30,21.1,6.7,5.1,13.9
2019-03-31,11.7,3.3,0.0,7.5
2019-04-01,13.9,1.7,0.0,7.8
2019-04-02,18.3,3.3,0.0,10.8
2019-04-03,23.3,6.1,0.0,14.7
2019-04-04,16.1,11.7,35.1,13.9
2019-04-05,22.2,12.2,0.0,17.2
2019-04-06,26.7,11.1,23.6,18.9
2019-04-07,21.1,16.7,36.1,18.9
2019-04-08,21.1,16.1,2.3,18.6
2019-04-09,27.8,13.3,0.0,20.55
2019-04-10,28.9,13.3,0.0,21.1
2019-04-11,27.8,13.9,2.0,20.85
2019-04-12,20.0,10.6,3.6,15.3
2019-04-13,16.7,13.9,61.7,15.3
2019-04-14,17.2,5.6,0.8,11.399999999999999
2019-04-15,21.7,5.0,0.0,13.35
2019-04-16,24.4,10.6,0.0,17.5
2019-04-17,23.3,16.1,0.0,19.700000000000003
2019-04-18,20.0,9.4,21.3,14.7
2019-04-19,11.1,7.2,8.6,9.15
2019-04-20,20.6,7.8,0.0,14.200000000000001
2019-04-21,25.0,8.9,0.0,16.95
2019-04-22,26.1,12.2,0.0,19.15
2019-04-23,25.6,14.4,0.0,20.0
2019-04-24,26.7,16.1,0.0,21.4
2019-04-25,20.6,15.0,5.3,17.8
2019-04-26,23.3,12.2,0.0,17.75
2019-04-27,25.0,11.1,0.0,18.05
2019-04-28,25.0,15.6,0.0,20.3
2019-04-29,27.2,16.7,0.0,21.95
2019-04-30,28.3,20.0,0.0,24.15
2019-05-01,26.1,17.2,4.8,21.65
2019-05-02,27.2,18.9,0.5,23.049999999999997
2019-05-03,24.4,17.8,0.0,21.1
2019-05-04,21.1,15.0,10.4,18.05
2019-05-05,23.3,13.3,0.0,18.3
2019-05-06,27.2,12.2,0.0,19.7
2019-05-07,30.0,16.1,0.0,23.05
2019-05-08,31.7,19.4,43.9,25.549999999999997
2019-05-09,22.8,18.3,32.5,20.55
2019-05-10,18.9,15.0,3.0,16.95
2019-05-11,18.3,14.4,2.3,16.35
2019-05-12,20.6,13.9,0.0,17.25
2019-05-13,22.2,10.6,0.0,16.4
2019-05-14,25.0,12.8,0.0,18.9
2019-05-15,30.6,16.7,0.0,23.65
2019-05-16,31.1,20.0,0.0,25.55
2019-05-17,31.1,19.4,0.0,25.25
2019-05-18,30.6,17.8,27.2,24.200000000000003
2019-05-19,28.3,18.3,4.1,23.3
2019-05-20,30.6,17.8,0.0,24.200000000000003
2019-05-21,32.2,22.8,0.0,27.5
2019-05-22,31.7,20.6,2.5,26.15
2019-05-23,32.2,23.3,0.0,27.75
2019-05-24,32.2,22.2,0.0,27.200000000000003
2019-05-25,32.8,20.6,0.0,26.7
2019-05-26,33.3,22.2,0.0,27.75
2019-05-27,33.3,22.8,0.0,28.049999999999997
2019-05-28,32.2,23.9,0.0,28.05
2019-05-29,31.7,22.8,0.0,27.25
2019-05-30,28.9,22.2,0.0,25.549999999999997
2019-05-31,30.6,18.3,0.0,24.450000000000003
2019-06-01,32.2,18.3,0.0,25.25
2019-06-02,32.8,21.7,0.0,27.25
2019-06-03,31.7,22.2,0.0,26.95
2019-06-04,32.8,22.2,8.9,27.5
2019-06-05,31.1,24.4,1.3,27.75
2019-06-06,25.0,21.7,30.0,23.35
2019-06-07,26.7,20.0,71.1,23.35
2019-06-08,28.3,21.7,0.0,25.0
2019-06-09,29.4,21.1,0.0,25.25
2019-06-10,27.8,18.9,0.0,23.35
2019-06-11,26.1,17.8,0.0,21.950000000000003
2019-06-12,27.2,17.2,0.0,22.2
2019-06-13,26.7,15.6,0.0,21.15
2019-06-14,27.8,13.9,0.0,20.85
2019-06-15,31.1,20.6,0.0,25.85
2019-06-16,30.6,23.9,0.0,27.25
2019-06-17,28.9,21.1,30.0,25.0
2019-06-18,30.6,21.1,3.6,25.85
2019-06-19,32.8,21.1,14.0,26.95
2019-06-20,31.1,21.1,0.0,26.1
2019-06-21,33.3,22.2,1.3,27.75
2019-06-22,33.3,22.8,0.0,28.049999999999997
2019-06-23,32.8,20.0,17.0,26.4
2019-06-24,28.3,19.4,17.0,23.85
2019-06-25,31.1,21.1,0.0,26.1
2019-06-26,31.7,21.7,0.0,26.7
2019-06-27,28.9,20.6,9.7,24.75
2019-06-28,29.4,21.7,20.6,25.549999999999997
2019-06-29,32.2,22.8,17.3,27.5
2019-06-30,32.2,22.2,0.0,27.200000000000003
2019-07-01,32.8,23.3,13.2,28.049999999999997
2019-07-02,32.2,23.3,0.0,27.75
2019-07-03,32.8,24.4,0.0,28.599999999999998
2019-07-04,32.2,24.4,0.0,28.3
2019-07-05,33.3,22.8,11.2,28.049999999999997
2019-07-06,32.2,25.0,0.0,28.6
2019-07-07,33.3,24.4,0.0,28.849999999999998
2019-07-08,35.0,23.9,3.0,29.45
2019-07-09,34.4,25.0,0.0,29.7
2019-07-10,33.9,25.0,4.6,29.45
2019-07-11,33.3,23.9,0.0,28.599999999999998
2019-07-12,33.3,23.9,0.0,28.599999999999998
2019-07-13,32.8,24.4,2.8,28.599999999999998
2019-07-14,25.0,21.1,32.5,23.05
2019-07-15,27.8,22.2,39.6,25.0
2019-07-16,28.3,22.2,57.9,25.25
2019-07-17,33.3,23.9,0.0,28.599999999999998
2019-07-18,33.3,26.1,0.0,29.7
2019-07-19,33.3,25.6,0.0,29.45
2019-07-20,33.9,25.0,0.0,29.45
2019-07-21,33.3,24.4,0.0,28.849999999999998
2019-07-22,31.1,21.7,9.1,26.4
2019-07-23,27.8,20.6,0.0,24.200000000000003
2019-07-24,30.0,18.3,0.0,24.15
2019-07-25,30.6,16.7,0.0,23.65
2019-07-26,31.7,19.4,0.0,25.549999999999997
2019-07-27,32.8,21.7,0.0,27.25
2019-07-28,33.9,22.2,0.0,28.049999999999997
2019-07-29,32.8,22.2,17.3,27.5
2019-07-30,31.1,21.7,0.0,26.4
2019-07-31,32.8,23.3,0.0,28.049999999999997
2019-08-01,32.8,22.2,0.0,27.5
2019-08-02,31.7,21.1,0.0,26.4
2019-08-03,32.8,22.8,0.8,27.799999999999997
2019-08-04,32.8,22.8,19.1,27.799999999999997
2019-08-05,32.8,21.7,0.0,27.25
2019-08-06,34.4,23.3,0.0,28.85
2019-08-07,35.0,23.3,1.5,29.15
2019-08-08,28.3,22.8,3.8,25.55
2019-08-09,30.6,22.8,20.8,26.700000000000003
2019-08-10,31.7,23.9,0.0,27.799999999999997
2019-08-11,34.4,24.4,0.0,29.4
2019-08-12,35.6,25.6,0.0,30.6
2019-08-13,36.1,22.8,25.7,29.450000000000003
2019-08-14,33.3,23.9,0.0,28.599999999999998
2019-08-15,33.9,23.9,0.0,28.9
2019-08-16,33.9,22.8,0.0,28.35
2019-08-17,34.4,23.9,0.0,29.15
2019-08-18,34.4,23.9,0.0,29.15
2019-08-19,36.1,23.9,0.0,30.0
2019-08-20,34.4,23.9,0.0,29.15
2019-08-21,34.4,23.9,0.0,29.15
2019-08-22,33.3,24.4,0.3,28.849999999999998
2019-08-23,32.8,24.4,0.0,28.599999999999998
2019-08-24,31.1,23.3,10.7,27.200000000000003
2019-08-25,28.3,23.3,15.2,25.8
2019-08-26,31.7,23.9,0.0,27.799999999999997
2019-08-27,31.1,21.7,16.0,26.4
2019-08-28,31.1,21.1,0.0,26.1
2019-08-29,31.7,18.9,0.0,25.299999999999997
2019-08-30,31.1,18.9,0.0,25.0
2019-08-31,32.2,20.0,0.0,26.1
2019-09-01,34.4,20.6,0.0,27.5
2019-09-02,33.9,22.8,0.0,28.35
2019-09-03,34.4,23.9,0.0,29.15
2019-09-04,35.6,22.8,0.0,29.200000000000003
2019-09-05,32.2,24.4,0.0,28.3
2019-09-06,34.4,21.1,0.0,27.75
2019-09-07,32.8,24.4,0.0,28.599999999999998
2019-09-08,35.6,22.8,0.0,29.200000000000003
2019-09-09,36.7,24.4,0.0,30.55
2019-09-10,33.9,23.9,0.0,28.9
2019-09-11,34.4,23.9,0.0,29.15
2019-09-12,35.0,24.4,0.0,29.7
2019-09-13,36.1,23.3,0.0,29.700000000000003
2019-09-14,35.6,22.8,0.0,29.200000000000003
2019-09-15,36.1,23.9,0.0,30.0
2019-09-16,37.8,23.3,0.0,30.549999999999997
2019-09-17,37.2,23.3,0.0,30.25
2019-09-18,37.2,24.4,0.0,30.8
2019-09-19,35.6,25.0,0.0,30.3
2019-09-20,32.2,23.9,0.0,28.05
2019-09-21,32.2,21.1,0.0,26.650000000000002
2019-09-22,32.8,20.6,0.0,26.7
2019-09-23,28.3,23.9,2.5,26.1
2019-09-24,31.7,20.0,0.0,25.85
2019-09-25,32.2,21.7,0.0,26.950000000000003
2019-09-26,32.2,22.2,0.5,27.200000000000003
2019-09-27,35.0,21.7,0.0,28.35
2019-09-28,33.9,22.2,0.0,28.049999999999997
2019-09-29,34.4,23.3,0.0,28.85
2019-09-30,35.0,22.8,0.0,28.9
2019-10-01,35.6,22.8,0.0,29.200000000000003
2019-10-02,36.1,22.8,0.0,29.450000000000003
2019-10-03,36.7,23.3,0.0,30.0
2019-10-04,29.4,19.4,0.0,24.4
2019-10-05,33.9,16.1,0.0,25.0
2019-10-06,31.7,19.4,86.1,25.549999999999997
2019-10-07,21.1,12.8,24.4,16.950000000000003
2019-10-08,26.1,11.7,0.0,18.9
2019-10-09,27.2,13.9,0.0,20.55
2019-10-10,30.6,20.0,0.0,25.3
2019-10-11,22.8,8.9,33.3,15.850000000000001
2019-10-12,17.2,6.1,0.0,11.649999999999999
2019-10-13,20.6,5.0,0.0,12.8
2019-10-14,22.2,7.2,0.0,14.7
2019-10-15,21.7,16.1,1.0,18.9
2019-10-16,20.0,9.4,2.3,14.7
2019-10-17,18.3,7.2,0.0,12.75
2019-10-18,22.2,8.9,0.0,15.55
2019-10-19,24.4,8.9,0.0,16.65
2019-10-20,26.7,15.0,0.0,20.85
2019-10-21,22.8,12.8,16.3,17.8
2019-10-22,18.9,8.9,0.0,13.899999999999999
2019-10-23,21.7,6.7,0.0,14.2
2019-10-24,23.9,8.3,0.0,16.1
2019-10-25,14.4,12.2,39.6,13.3
2019-10-26,17.2,12.8,76.5,15.0
2019-10-27,15.0,12.8,0.0,13.9
2019-10-28,15.6,12.2,0.3,13.899999999999999
2019-10-29,18.3,12.2,0.0,15.25
2019-10-30,18.3,8.9,42.9,13.600000000000001
2019-10-31,8.9,0.0,6.4,4.45
2019-11-01,13.3,-0.5,0.0,6.4
2019-11-02,15.0,0.6,0.0,7.8
2019-11-03,15.6,1.7,0.0,8.65
2019-11-04,18.9,3.9,0.0,11.399999999999999
2019-11-05,18.9,8.3,0.0,13.6
2019-11-06,20.0,7.8,0.3,13.9
2019-11-07,16.1,2.2,17.5,9.15
2019-11-08,7.8,-1.0,0.0,3.4
2019-11-09,13.3,-2.1,0.0,5.6000000000000005
2019-11-10,19.4,4.4,0.0,11.899999999999999
2019-11-11,15.6,-1.0,17.0,7.3
2019-11-12,-1.0,-6.6,0.0,-3.8
2019-11-13,7.8,-8.2,0.0,-0.19999999999999973
2019-11-14,11.1,-2.7,0.0,4.199999999999999
2019-11-15,10.0,0.0,0.0,5.0
2019-11-16,15.0,-1.0,0.0,7.0
2019-11-17,14.4,0.0,0.0,7.2
2019-11-18,13.9,1.7,0.0,7.8
2019-11-19,18.3,6.1,0.0,12.2
2019-11-20,22.2,3.9,0.0,13.049999999999999
2019-11-21,15.0,11.1,5.6,13.05
2019-11-22,17.8,8.3,12.2,13.05
2019-11-23,9.4,2.2,2.3,5.800000000000001
2019-11-24,12.8,0.0,0.0,6.4
2019-11-25,18.3,4.4,0.0,11.350000000000001
2019-11-26,21.1,12.2,35.3,16.65
2019-11-27,21.1,7.8,8.9,14.450000000000001
2019-11-28,8.9,5.6,0.0,7.25
2019-11-29,13.9,7.2,0.0,10.55
2019-11-30,20.0,12.8,10.4,16.4
2019-12-01,14.4,3.9,0.0,9.15
2019-12-02,5.0,-1.0,0.0,2.0
2019-12-03,10.6,-0.5,0.0,5.05
2019-12-04,16.1,1.1,0.0,8.600000000000001
2019-12-05,17.2,5.6,0.0,11.399999999999999
2019-12-06,14.4,5.6,10.4,10.0
2019-12-07,11.1,4.4,0.0,7.75
2019-12-08,16.7,3.9,0.0,10.299999999999999
2019-12-09,19.4,11.7,0.0,15.549999999999999
2019-12-10,11.7,-0.5,4.8,5.6
2019-12-11,11.1,-3.2,0.0,3.9499999999999997
2019-12-12,12.8,-1.0,0.0,5.9
2019-12-13,9.4,3.3,0.0,6.35
2019-12-14,12.2,0.6,0.0,6.3999999999999995
2019-12-15,16.7,5.6,0.0,11.149999999999999
2019-12-16,8.3,1.7,36.1,5.0
2019-12-17,2.2,-2.1,0.0,0.050000000000000044
2019-12-18,7.2,-3.2,0.0,2.0
2019-12-19,10.6,-2.7,0.0,3.9499999999999997
2019-12-20,11.7,-1.0,0.0,5.35
2019-12-21,12.8,5.0,0.0,8.9
2019-12-22,11.1,7.2,4.3,9.15
2019-12-23,19.4,7.8,0.0,13.6
2019-12-24,20.6,4.4,0.0,12.5
2019-12-25,21.1,6.1,0.0,13.600000000000001
2019-12-26,17.2,13.9,0.5,15.55
2019-12-27,21.1,12.8,0.0,16.950000000000003
2019-12-28,21.7,14.4,11.7,18.05
2019-12-29,20.0,6.7,34.8,13.35
2019-12-30,10.6,4.4,0.0,7.5
2019-12-31,10.6,3.3,0.0,6.949999999999999
2020-01-01,12.8,-0.5,0.0,6.15
2020-01-02,13.3,8.3,34.3,10.8
2020-01-03,15.6,9.4,7.1,12.5
2020-01-04,9.4,1.1,0.0,5.25
2020-01-05,16.7,0.6,0.0,8.65
2020-01-06,16.1,2.8,0.0,9.450000000000001
2020-01-07,13.3,2.8,0.0,8.05
2020-01-08,17.2,1.1,0.0,9.15
2020-01-09,18.3,7.2,0.3,12.75
2020-01-10,20.6,15.6,0.5,18.1
2020-01-11,22.2,3.3,45.7,12.75
2020-01-12,6.7,2.2,0.3,4.45
2020-01-13,12.8,1.7,0.0,7.25
2020-01-14,18.9,10.0,2.0,14.45
2020-01-15,20.6,15.0,23.1,17.8
2020-01-16,15.6,5.0,0.0,10.3
2020-01-17,15.0,3.3,1.0,9.15
2020-01-18,18.3,3.9,26.4,11.1
2020-01-19,6.7,-1.6,0.0,2.55
2020-01-20,0.6,-4.9,0.0,-2.1500000000000004
2020-01-21,3.9,-4.3,0.0,-0.19999999999999996
2020-01-22,6.7,-2.1,0.0,2.3
2020-01-23,6.1,2.8,15.2,4.449999999999999
2020-01-24,7.2,3.3,1.0,5.25
2020-01-25,9.4,1.1,0.0,5.25
2020-01-26,10.6,6.1,1.5,8.35
2020-01-27,15.0,3.9,0.0,9.45
2020-01-28,15.0,2.2,0.3,8.6
2020-01-29,11.7,5.6,0.3,8.649999999999999
2020-01-30,7.8,3.9,0.0,5.85
2020-01-31,7.8,6.1,4.6,6.949999999999999
2020-02-01,12.8,5.0,0.0,8.9
2020-02-02,21.1,4.4,0.0,12.75
2020-02-03,20.0,13.3,0.0,16.65
2020-02-04,17.8,7.8,33.5,12.8
2020-02-05,8.3,3.3,13.7,5.800000000000001
2020-02-06,3.3,0.0,3.8,1.65
2020-02-07,7.8,-1.0,0.3,3.4
2020-02-08,11.7,-0.5,0.0,5.6
2020-02-09,21.1,5.6,2.8,13.350000000000001
2020-02-10,16.1,6.7,29.2,11.4
2020-02-11,7.8,3.9,4.1,5.85
2020-02-12,11.1,5.0,24.1,8.05
2020-02-13,7.8,-0.5,0.0,3.65
2020-02-14,3.3,-5.5,0.0,-1.1
2020-02-15,15.6,-2.1,0.0,6.75
2020-02-16,15.0,7.2,0.5,11.1
2020-02-17,16.1,5.6,3.6,10.850000000000001
2020-02-18,16.7,5.6,17.5,11.149999999999999
2020-02-19,11.7,2.8,0.0,7.25
2020-02-20,7.8,-1.0,4.8,3.4
2020-02-21,6.7,-3.8,0.0,1.4500000000000002
2020-02-22,12.2,-3.8,0.0,4.199999999999999
2020-02-23,12.2,5.0,6.4,8.6
2020-02-24,16.7,7.8,16.0,12.25
2020-02-25,11.1,7.2,0.0,9.15
2020-02-26,7.2,0.6,0.8,3.9
2020-02-27,8.9,-2.1,0.0,3.4000000000000004
2020-02-28,12.8,4.4,0.0,8.600000000000001
2020-02-29,17.8,2.2,0.0,10.0
2020-03-01,22.2,7.8,10.7,15.0
2020-03-02,21.1,13.3,0.5,17.200000000000003
2020-03-03,20.0,12.8,2.3,16.4
2020-03-04,16.1,11.7,0.0,13.9
2020-03-05,19.4,9.4,0.0,14.399999999999999
2020-03-06,13.9,5.0,0.0,9.45
2020-03-07,16.1,2.2,0.0,9.15
2020-03-08,21.1,5.6,0.0,13.350000000000001
2020-03-09,20.0,13.3,20.3,16.65
2020-03-10,17.8,8.9,0.5,13.350000000000001
2020-03-11,19.4,8.3,15.2,13.85
2020-03-12,23.3,15.0,11.9,19.15
2020-03-13,17.8,8.3,2.5,13.05
2020-03-14,18.3,7.8,35.8,13.05
2020-03-15,10.6,6.1,20.8,8.35
2020-03-16,10.6,6.1,10.2,8.35
2020-03-17,18.3,9.4,0.0,13.850000000000001
2020-03-18,23.9,11.7,5.6,17.799999999999997
2020-03-19,25.0,19.4,0.5,22.2
2020-03-20,23.9,8.3,2.0,16.1
2020-03-21,12.8,6.1,0.0,9.45
2020-03-22,11.1,7.2,17.5,9.15
2020-03-23,18.9,9.4,10.9,14.149999999999999
2020-03-24,21.7,10.6,9.1,16.15
2020-03-25,16.1,10.0,0.0,13.05
2020-03-26,29.4,10.0,0.0,19.7
2020-03-27,27.8,20.6,0.0,24.200000000000003
2020-03-28,28.3,17.2,14.0,22.75
2020-03-29,21.1,12.8,0.0,16.950000000000003
2020-03-30,16.7,10.0,20.6,13.35
2020-03-31,16.7,8.9,27.9,12.8
2020-04-01,20.6,7.2,0.0,13.9
2020-04-02,23.3,10.0,0.0,16.65
2020-04-03,22.8,12.8,0.0,17.8
2020-04-04,20.6,11.1,0.0,15.850000000000001
2020-04-05,23.9,8.9,0.0,16.4
2020-04-06,26.7,13.3,0.0,20.0
2020-04-07,24.4,17.8,4.6,21.1
2020-04-08,27.8,20.0,0.0,23.9
2020-04-09,23.9,13.9,0.0,18.9
2020-04-10,15.6,6.1,0.0,10.85
2020-04-11,21.1,7.2,7.4,14.15
2020-04-12,18.3,13.3,66.0,15.8
2020-04-13,14.4,5.6,3.3,10.0
2020-04-14,11.7,3.3,0.0,7.5
2020-04-15,16.7,1.1,0.0,8.9
2020-04-16,21.1,5.6,0.0,13.350000000000001
2020-04-17,22.8,8.9,3.3,15.850000000000001
2020-04-18,17.8,5.6,0.0,11.7
2020-04-19,15.0,11.7,17.5,13.35
2020-04-20,22.8,8.9,0.0,15.850000000000001
2020-04-21,25.0,12.8,0.0,18.9
2020-04-22,18.9,13.9,7.1,16.4
2020-04-23,18.9,13.3,5.6,16.1
2020-04-24,23.3,8.9,0.0,16.1
2020-04-25,19.4,11.1,1.3,15.25
2020-04-26,20.6,10.0,0.0,15.3
2020-04-27,22.8,11.7,0.0,17.25
2020-04-28,23.9,15.0,11.7,19.45
2020-04-29,22.8,14.4,13.7,18.6
2020-04-30,22.2,11.1,0.0,16.65
2020-05-01,26.7,10.0,0.0,18.35
2020-05-02,28.3,15.6,0.0,21.95
2020-05-03,25.6,18.3,0.0,21.950000000000003
2020-05-04,27.8,18.3,0.0,23.05
2020-05-05,23.9,15.0,1.5,19.45
2020-05-06,18.9,9.4,0.0,14.149999999999999
2020-05-07,21.7,7.8,0.0,14.75
2020-05-08,18.3,10.6,21.3,14.45
2020-05-09,19.4,6.1,0.0,12.75
2020-05-10,23.9,6.1,0.0,15.0
2020-05-11,19.4,9.4,0.0,14.399999999999999
2020-05-12,13.9,10.6,8.1,12.25
2020-05-13,28.3,12.8,0.0,20.55
2020-05-14,28.9,18.3,0.0,23.6
2020-05-15,28.3,18.9,0.0,23.6
2020-05-16,28.9,20.6,0.0,24.75
2020-05-17,29.4,20.0,10.2,24.7
2020-05-18,24.4,16.7,0.0,20.549999999999997
2020-05-19,22.2,13.9,0.0,18.05
2020-05-20,24.4,15.6,0.0,20.0
2020-05-21,27.8,15.0,0.0,21.4
2020-05-22,30.6,19.4,3.8,25.0
2020-05-23,31.1,20.6,0.0,25.85
2020-05-24,30.6,20.6,0.0,25.6
2020-05-25,32.8,22.2,1.0,27.5
2020-05-26,27.8,21.1,0.0,24.450000000000003
2020-05-27,28.3,19.4,0.3,23.85
2020-05-28,26.7,18.3,4.6,22.5
2020-05-29,28.3,17.8,0.0,23.05
2020-05-30,28.9,17.2,0.0,23.049999999999997
2020-05-31,28.9,17.2,0.0,23.049999999999997
2020-06-01,30.0,17.8,0.0,23.9
2020-06-02,31.7,17.8,0.0,24.75
2020-06-03,32.2,22.2,0.0,27.200000000000003
2020-06-04,30.6,22.2,10.9,26.4
2020-06-05,33.3,20.6,5.1,26.95
2020-06-06,33.3,20.0,0.0,26.65
2020-06-07,35.0,23.9,0.0,29.45
2020-06-08,27.8,23.3,11.4,25.55
2020-06-09,31.7,23.9,1.3,27.799999999999997
2020-06-10,28.3,18.3,0.0,23.3
2020-06-11,29.4,16.1,0.0,22.75
2020-06-12,32.2,17.2,0.0,24.700000000000003
2020-06-13,32.2,18.3,0.0,25.25
2020-06-14,33.3,21.1,0.0,27.2
2020-06-15,30.0,20.6,0.0,25.3
2020-06-16,30.0,18.3,0.0,24.15
2020-06-17,31.1,19.4,0.0,25.25
2020-06-18,31.7,19.4,0.0,25.549999999999997
2020-06-19,33.3,21.1,0.0,27.2
2020-06-20,33.9,22.2,0.0,28.049999999999997
2020-06-21,30.6,21.1,21.1,25.85
2020-06-22,26.7,21.7,3.3,24.2
2020-06-23,31.1,21.1,25.9,26.1
2020-06-24,30.6,21.1,0.0,25.85
2020-06-25,31.7,20.6,0.0,26.15
2020-06-26,25.6,21.7,5.1,23.65
2020-06-27,31.1,22.2,0.3,26.65
2020-06-28,32.2,25.0,0.0,28.6
2020-06-29,31.1,23.3,0.3,27.200000000000003
2020-06-30,33.3,25.0,0.0,29.15
2020-07-01,32.2,21.7,4.3,26.950000000000003
2020-07-02,34.4,22.8,0.0,28.6
2020-07-03,34.4,23.3,0.5,28.85
2020-07-04,33.9,23.9,6.6,28.9
2020-07-05,33.3,22.8,3.0,28.049999999999997
2020-07-06,33.3,22.8,1.0,28.049999999999997
2020-07-07,33.3,22.8,0.0,28.049999999999997
2020-07-08,31.7,23.3,0.0,27.5
2020-07-09,32.8,23.9,0.8,28.349999999999998
2020-07-10,33.3,22.8,0.0,28.049999999999997
2020-07-11,34.4,23.3,0.0,28.85
2020-07-12,32.8,26.7,0.0,29.75
2020-07-13,33.9,23.3,0.0,28.6
2020-07-14,34.4,24.4,0.0,29.4
2020-07-15,35.6,25.6,0.0,30.6
2020-07-16,35.6,24.4,0.0,30.0
2020-07-17,35.0,25.6,0.0,30.3
2020-07-18,35.6,25.6,0.0,30.6
2020-07-19,35.6,25.6,0.0,30.6
2020-07-20,36.1,25.6,0.0,30.85
2020-07-21,34.4,25.0,1.3,29.7
2020-07-22,32.8,24.4,0.8,28.599999999999998
2020-07-23,33.3,23.9,0.8,28.599999999999998
2020-07-24,35.0,25.0,3.0,30.0
2020-07-25,33.9,24.4,0.0,29.15
2020-07-26,34.4,23.9,9.4,29.15
2020-07-27,33.9,23.3,0.0,28.6
2020-07-28,33.3,23.9,11.2,28.599999999999998
2020-07-29,33.3,23.9,0.8,28.599999999999998
2020-07-30,32.2,24.4,0.5,28.3
2020-07-31,31.7,23.3,0.0,27.5
2020-08-01,26.1,20.0,2.0,23.05
2020-08-02,31.7,20.0,0.0,25.85
2020-08-03,32.8,21.7,0.5,27.25
2020-08-04,29.4,21.7,0.0,25.549999999999997
2020-08-05,29.4,18.3,0.0,23.85
2020-08-06,30.6,18.9,0.0,24.75
2020-08-07,33.9,21.1,0.0,27.5
2020-08-08,35.6,22.8,0.0,29.200000000000003
2020-08-09,36.1,23.3,0.0,29.700000000000003
2020-08-10,36.1,26.1,0.0,31.1
2020-08-11,36.1,23.9,1.8,30.0
2020-08-12,32.8,23.9,0.0,28.349999999999998
2020-08-13,33.3,22.8,49.0,28.049999999999997
2020-08-14,32.2,23.3,0.0,27.75
2020-08-15,33.9,23.3,0.0,28.6
2020-08-16,31.7,21.7,1.8,26.7
2020-08-17,33.3,21.1,0.0,27.2
2020-08-18,31.7,21.7,0.0,26.7
2020-08-19,26.7,21.1,0.0,23.9
2020-08-20,31.7,20.0,0.3,25.85
2020-08-21,26.7,20.0,5.3,23.35
2020-08-22,31.1,20.0,0.0,25.55
2020-08-23,33.3,20.0,0.0,26.65
2020-08-24,34.4,21.1,0.0,27.75
2020-08-25,33.9,25.0,4.3,29.45
2020-08-26,33.3,22.8,33.3,28.049999999999997
2020-08-27,30.0,24.4,25.1,27.2
2020-08-28,27.8,22.2,36.6,25.0
2020-08-29,33.9,24.4,0.0,29.15
2020-08-30,32.2,22.8,0.8,27.5
2020-08-31,31.1,24.4,3.6,27.75
2020-09-01,31.7,23.9,3.8,27.799999999999997
2020-09-02,31.1,23.3,6.1,27.200000000000003
2020-09-03,30.6,23.9,0.0,27.25
2020-09-04,30.6,21.7,0.0,26.15
2020-09-05,31.1,18.3,0.0,24.700000000000003
2020-09-06,32.8,18.9,0.0,25.849999999999998
2020-09-07,32.2,20.6,0.0,26.400000000000002
2020-09-08,31.1,21.1,0.0,26.1
2020-09-09,32.2,23.3,0.0,27.75
2020-09-10,32.8,21.7,0.0,27.25
2020-09-11,33.3,22.2,0.0,27.75
2020-09-12,28.9,23.3,1.8,26.1
2020-09-13,30.0,22.8,0.0,26.4
2020-09-14,30.0,22.8,0.0,26.4
2020-09-15,31.1,20.6,0.0,25.85
2020-09-16,29.4,21.7,0.0,25.549999999999997
2020-09-17,29.4,21.7,0.0,25.549999999999997
2020-09-18,26.7,18.3,0.0,22.5
2020-09-19,26.1,14.4,0.0,20.25
2020-09-20,28.3,16.7,0.0,22.5
2020-09-21,26.7,16.1,0.0,21.4
2020-09-22,22.8,17.8,0.8,20.3
2020-09-23,17.8,15.0,15.7,16.4
2020-09-24,19.4,15.0,4.6,17.2
2020-09-25,21.1,18.3,0.0,19.700000000000003
2020-09-26,24.4,17.2,0.0,20.799999999999997
2020-09-27,28.9,17.2,0.0,23.049999999999997
2020-09-28,22.8,13.3,7.4,18.05
2020-09-29,22.8,11.1,0.0,16.95
2020-09-30,27.8,11.7,0.0,19.75
2020-10-01,24.4,13.3,0.0,18.85
2020-10-02,20.0,9.4,0.0,14.7
2020-10-03,22.2,8.3,0.0,15.25
2020-10-04,20.6,11.1,0.0,15.850000000000001
2020-10-05,21.1,7.8,0.0,14.450000000000001
2020-10-06,25.6,7.8,0.0,16.7
2020-10-07,28.3,10.6,0.0,19.45
2020-10-08,27.2,13.9,0.0,20.55
2020-10-09,21.7,19.4,2.0,20.549999999999997
2020-10-10,22.2,18.3,42.9,20.25
2020-10-11,24.4,18.3,0.0,21.35
2020-10-12,27.8,15.0,0.0,21.4
2020-10-13,24.4,10.6,0.0,17.5
2020-10-14,27.2,10.0,0.0,18.6
2020-10-15,18.3,12.2,0.8,15.25
2020-10-16,18.9,7.2,0.0,13.049999999999999
2020-10-17,21.1,6.7,0.0,13.9
2020-10-18,25.6,15.6,0.0,20.6
2020-10-19,28.3,17.8,0.0,23.05
2020-10-20,29.4,16.1,0.0,22.75
2020-10-21,29.4,17.8,0.0,23.6
2020-10-22,29.4,18.9,0.0,24.15
2020-10-23,27.8,11.1,0.3,19.45
2020-10-24,11.1,9.4,0.0,10.25
2020-10-25,13.3,10.0,0.0,11.65
2020-10-26,14.4,11.1,0.0,12.75
2020-10-27,17.2,11.1,0.0,14.149999999999999
2020-10-28,21.7,11.1,68.1,16.4
2020-10-29,15.0,6.7,5.1,10.85
2020-10-30,15.6,3.9,0.0,9.75
2020-10-31,19.4,5.6,0.0,12.5
2020-11-01,18.3,6.7,0.0,12.5
2020-11-02,15.0,2.8,0.0,8.9
2020-11-03,20.6,3.3,0.0,11.950000000000001
2020-11-04,22.8,7.8,0.0,15.3
2020-11-05,22.2,11.1,0.0,16.65
2020-11-06,23.9,8.9,0.0,16.4
2020-11-07,26.1,12.2,0.0,19.15
2020-11-08,27.8,17.2,0.0,22.5
2020-11-09,24.4,17.8,0.0,21.1
2020-11-10,25.0,18.9,0.3,21.95
2020-11-11,21.1,8.9,0.0,15.0
2020-11-12,20.6,5.0,0.0,12.8
2020-11-13,18.3,10.0,0.0,14.15
2020-11-14,24.4,10.6,0.0,17.5
2020-11-15,22.2,5.6,5.3,13.899999999999999
2020-11-16,19.4,1.7,0.0,10.549999999999999
2020-11-17,17.8,5.6,0.0,11.7
2020-11-18,19.4,3.9,0.0,11.649999999999999
2020-11-19,21.7,8.3,0.0,15.0
2020-11-20,22.8,10.6,0.0,16.7
2020-11-21,23.3,13.9,0.0,18.6
2020-11-22,16.1,6.1,9.1,11.100000000000001
2020-11-23,13.9,2.8,0.0,8.35
2020-11-24,17.2,4.4,0.0,10.8
2020-11-25,19.4,6.7,19.8,13.049999999999999
2020-11-26,16.1,2.8,0.0,9.450000000000001
2020-11-27,17.2,5.6,0.0,11.399999999999999
2020-11-28,13.9,5.6,0.0,9.75
2020-11-29,8.9,3.9,9.7,6.4
2020-11-30,7.2,-2.1,0.0,2.55
2020-12-01,10.0,-4.9,0.0,2.55
2020-12-02,13.3,-1.6,0.0,5.8500000000000005
2020-12-03,7.2,3.9,11.7,5.55
2020-12-04,10.0,3.9,0.0,6.95
2020-12-05,15.6,1.1,0.0,8.35
2020-12-06,13.3,1.7,0.0,7.5
2020-12-07,10.0,1.7,0.0,5.85
2020-12-08,16.1,1.7,0.0,8.9
2020-12-09,19.4,2.8,0.0,11.1
2020-12-10,22.8,6.1,0.0,14.45
2020-12-11,20.0,9.4,5.1,14.7
2020-12-12,15.0,4.4,0.8,9.7
2020-12-13,9.4,1.7,35.1,5.55
2020-12-14,5.0,-1.0,2.8,2.0
2020-12-15,2.8,-1.6,0.0,0.5999999999999999
2020-12-16,3.3,0.6,0.0,1.95
2020-12-17,5.6,-2.7,0.0,1.4499999999999997
2020-12-18,11.7,-1.6,0.0,5.05
2020-12-19,7.8,5.0,23.1,6.4
2020-12-20,8.3,6.1,0.0,7.2
2020-12-21,17.2,4.4,0.0,10.8
2020-12-22,17.8,2.2,0.0,10.0
2020-12-23,16.7,6.1,7.9,11.399999999999999
2020-12-24,6.1,-2.7,0.0,1.6999999999999997
2020-12-25,0.6,-6.0,0.0,-2.7
2020-12-26,12.8,-3.8,0.0,4.5
2020-12-27,18.3,4.4,0.0,11.350000000000001
2020-12-28,15.6,2.8,0.0,9.2
2020-12-29,13.9,0.6,0.0,7.25
2020-12-30,18.9,5.0,27.4,11.95
2020-12-31,6.7,2.8,48.5,4.75
2021-01-01,13.3,6.1,20.1,9.7
2021-01-02,6.1,3.3,1.0,4.699999999999999
2021-01-03,12.8,1.1,0.0,6.95
2021-01-04,13.3,3.9,0.0,8.6
2021-01-05,11.7,2.2,0.0,6.949999999999999
2021-01-06,12.8,2.2,0.0,7.5
2021-01-07,8.9,1.7,4.3,5.3
2021-01-08,4.4,1.1,0.0,2.75
2021-01-09,2.8,1.1,0.0,1.95
2021-01-10,2.8,0.6,0.0,1.7
2021-01-11,1.7,-2.7,0.8,-0.5000000000000001
2021-01-12,7.2,-6.0,0.0,0.6000000000000001
2021-01-13,11.1,-2.1,0.0,4.5
2021-01-14,13.3,4.4,0.0,8.850000000000001
2021-01-15,10.6,1.7,0.0,6.1499999999999995
2021-01-16,8.9,1.7,0.0,5.3
2021-01-17,10.6,-0.5,0.0,5.05
2021-01-18,14.4,-1.0,0.0,6.7
2021-01-19,15.0,4.4,0.0,9.7
2021-01-20,10.6,2.2,4.8,6.4
2021-01-21,11.7,6.7,6.4,9.2
2021-01-22,11.7,3.3,0.0,7.5
2021-01-23,12.8,-0.5,0.0,6.15
2021-01-24,11.1,7.8,15.7,9.45
2021-01-25,22.2,10.6,30.0,16.4
2021-01-26,16.1,7.2,0.0,11.65
2021-01-27,7.2,1.7,0.5,4.45
2021-01-28,6.7,-0.5,0.0,3.1
2021-01-29,11.7,-1.0,0.0,5.35
2021-01-30,15.6,8.3,6.6,11.95
2021-01-31,15.6,3.3,0.0,9.45
2021-02-01,5.0,1.7,0.0,3.35
2021-02-02,6.1,-1.0,0.0,2.55
2021-02-03,11.1,-3.8,0.0,3.65
2021-02-04,13.3,2.2,1.8,7.75
2021-02-05,11.7,-2.7,0.0,4.5
2021-02-06,13.3,2.2,3.6,7.75
2021-02-07,3.9,0.0,0.3,1.95
2021-02-08,11.7,1.7,0.0,6.699999999999999
2021-02-09,10.0,1.1,0.0,5.55
2021-02-10,5.6,-1.0,5.8,2.3
2021-02-11,-0.5,-2.7,9.9,-1.6
2021-02-12,-2.7,-4.9,0.0,-3.8000000000000003
2021-02-13,-4.9,-7.7,0.0,-6.300000000000001
2021-02-14,-7.1,-9.9,1.3,-8.5
2021-02-15,-9.4,-12.7,17.3,-11.05
2021-02-16,-7.7,-17.1,0.0,-12.4
2021-02-17,-4.3,-9.3,9.1,-6.800000000000001
2021-02-18,-1.6,-6.0,0.0,-3.8
2021-02-19,-0.5,-11.0,0.0,-5.75
2021-02-20,5.6,-12.7,0.0,-3.55
2021-02-21,12.8,-0.5,3.6,6.15
2021-02-22,12.8,3.9,3.8,8.35
2021-02-23,20.6,4.4,0.0,12.5
2021-02-24,19.4,10.0,0.0,14.7
2021-02-25,15.6,7.8,0.8,11.7
2021-02-26,15.6,6.1,55.9,10.85
2021-02-27,17.8,9.4,21.3,13.600000000000001
2021-02-28,23.9,14.4,42.2,19.15
2021-03-01,14.4,5.6,8.1,10.0
2021-03-02,10.0,2.8,0.0,6.4
2021-03-03,17.2,-0.5,0.0,8.35
2021-03-04,23.3,3.3,0.0,13.3
2021-03-05,13.3,7.2,0.0,10.25
2021-03-06,15.6,3.3,0.0,9.45
2021-03-07,18.3,2.2,0.0,10.25
2021-03-08,21.1,2.2,0.0,11.65
2021-03-09,21.7,7.8,0.0,14.75
2021-03-10,23.9,13.9,0.0,18.9
2021-03-11,22.8,17.2,0.0,20.0
2021-03-12,25.0,16.1,0.0,20.55
2021-03-13,21.7,13.3,3.3,17.5
2021-03-14,25.0,13.3,0.0,19.15
2021-03-15,25.0,13.3,10.4,19.15
2021-03-16,27.2,11.7,0.0,19.45
2021-03-17,20.6,15.6,35.1,18.1
2021-03-18,17.2,6.7,0.3,11.95
2021-03-19,10.6,5.0,0.0,7.8
2021-03-20,20.0,7.2,0.0,13.6
2021-03-21,20.6,5.6,0.0,13.100000000000001
2021-03-22,21.7,8.3,0.0,15.0
2021-03-23,21.1,13.9,9.7,17.5
2021-03-24,23.9,12.8,0.0,18.35
2021-03-25,23.3,12.8,29.2,18.05
2021-03-26,23.3,8.9,0.0,16.1
2021-03-27,27.2,15.6,95.8,21.4
2021-03-28,19.4,7.2,0.0,13.299999999999999
2021-03-29,20.0,5.0,0.0,12.5
2021-03-30,21.1,10.0,43.2,15.55
2021-03-31,18.3,6.1,3.0,12.2
2021-04-01,11.7,3.3,0.0,7.5
2021-04-02,14.4,1.7,0.0,8.05
2021-04-03,19.4,4.4,0.0,11.899999999999999
2021-04-04,22.8,6.7,0.0,14.75
2021-04-05,25.6,10.0,0.0,17.8
2021-04-06,26.1,13.9,0.0,20.0
2021-04-07,25.6,16.1,16.3,20.85
2021-04-08,21.7,11.1,0.0,16.4
2021-04-09,28.3,13.9,0.3,21.1
2021-04-10,21.7,11.7,4.1,16.7
2021-04-11,23.3,10.0,0.0,16.65
2021-04-12,28.9,11.1,0.0,20.0
2021-04-13,24.4,16.1,0.0,20.25
2021-04-14,19.4,11.1,4.3,15.25
2021-04-15,18.9,11.7,0.0,15.299999999999999
2021-04-16,17.2,11.7,0.0,14.45
2021-04-17,17.2,9.4,0.0,13.3
2021-04-18,17.8,8.9,0.0,13.350000000000001
2021-04-19,21.1,5.0,0.0,13.05
2021-04-20,23.3,3.9,0.0,13.6
2021-04-21,13.9,1.7,0.0,7.8
2021-04-22,18.3,2.8,0.0,10.55
2021-04-23,18.9,11.1,8.9,15.0
2021-04-24,17.8,11.1,15.2,14.45
2021-04-25,24.4,7.8,0.0,16.099999999999998
2021-04-26,27.2,11.7,0.0,19.45
2021-04-27,27.2,16.1,0.0,21.65
2021-04-28,28.3,22.2,0.0,25.25
2021-04-29,24.4,18.9,29.7,21.65
2021-04-30,26.1,15.0,0.0,20.55
2021-05-01,27.8,11.7,0.0,19.75
2021-05-02,21.1,17.8,5.1,19.450000000000003
2021-05-03,29.4,18.9,33.8,24.15
2021-05-04,26.1,15.0,25.9,20.55
2021-05-05,21.7,12.8,0.0,17.25
2021-05-06,24.4,10.6,7.9,17.5
2021-05-07,22.2,9.4,0.0,15.8
2021-05-08,26.7,13.9,0.0,20.3
2021-05-09,26.1,12.8,2.3,19.450000000000003
2021-05-10,18.3,11.1,0.0,14.7
2021-05-11,20.6,12.8,9.1,16.700000000000003
2021-05-12,21.1,13.3,0.0,17.200000000000003
2021-05-13,22.2,12.2,0.0,17.2
2021-05-14,23.9,10.6,0.0,17.25
2021-05-15,26.1,12.8,0.0,19.450000000000003
2021-05-16,27.8,16.7,0.0,22.25
2021-05-17,26.7,19.4,3.0,23.049999999999997
2021-05-18,23.9,20.0,0.0,21.95
2021-05-19,28.3,20.6,0.3,24.450000000000003
2021-05-20,29.4,21.7,0.0,25.549999999999997
2021-05-21,29.4,21.1,0.0,25.25
2021-05-22,30.6,19.4,0.0,25.0
2021-05-23,30.6,18.3,0.0,24.450000000000003
2021-05-24,31.7,19.4,0.0,25.549999999999997
2021-05-25,31.7,22.8,0.0,27.25
2021-05-26,29.4,20.6,4.8,25.0
2021-05-27,31.7,20.6,0.0,26.15
2021-05-28,27.2,15.6,9.7,21.4
2021-05-29,16.1,12.8,0.0,14.450000000000001
2021-05-30,23.9,11.1,0.0,17.5
2021-05-31,26.1,13.3,0.0,19.700000000000003
2021-06-01,23.9,19.4,30.0,21.65
2021-06-02,28.3,20.6,1.0,24.450000000000003
2021-06-03,27.8,18.9,0.0,23.35
2021-06-04,30.6,17.8,0.0,24.200000000000003
2021-06-05,28.3,20.0,2.3,24.15
2021-06-06,24.4,21.1,0.5,22.75
2021-06-07,28.3,20.6,7.1,24.450000000000003
2021-06-08,23.9,20.0,46.0,21.95
2021-06-09,25.6,20.6,18.5,23.1
2021-06-10,27.8,21.1,0.0,24.450000000000003
2021-06-11,32.2,21.7,0.5,26.950000000000003
2021-06-12,34.4,25.0,0.0,29.7
2021-06-13,34.4,25.6,0.0,30.0
2021-06-14,33.9,23.9,0.0,28.9
2021-06-15,32.2,22.8,0.0,27.5
2021-06-16,32.8,19.4,0.0,26.099999999999998
2021-06-17,33.3,21.1,0.0,27.2
2021-06-18,32.2,22.8,0.0,27.5
2021-06-19,30.0,22.8,0.0,26.4
2021-06-20,32.8,22.2,0.0,27.5
2021-06-21,31.7,21.1,0.0,26.4
2021-06-22,27.2,16.7,0.0,21.95
2021-06-23,29.4,16.7,0.0,23.049999999999997
2021-06-24,33.3,20.6,0.0,26.95
2021-06-25,32.2,25.0,0.0,28.6
2021-06-26,32.2,23.9,0.0,28.05
2021-06-27,33.3,23.9,0.0,28.599999999999998
2021-06-28,33.9,24.4,0.0,29.15
2021-06-29,34.4,23.9,0.0,29.15
2021-06-30,31.1,23.3,14.5,27.200000000000003
2021-07-01,30.6,22.2,20.6,26.4
2021-07-02,29.4,20.6,0.3,25.0
2021-07-03,28.9,18.9,0.0,23.9
2021-07-04,30.6,18.3,0.0,24.450000000000003
2021-07-05,32.2,21.7,0.0,26.950000000000003
2021-07-06,33.3,23.3,0.0,28.299999999999997
2021-07-07,32.2,22.8,0.0,27.5
2021-07-08,33.3,23.3,0.0,28.299999999999997
2021-07-09,27.8,22.8,48.0,25.3
2021-07-10,31.1,22.8,0.0,26.950000000000003
2021-07-11,28.3,21.1,22.6,24.700000000000003
2021-07-12,30.0,22.2,0.0,26.1
2021-07-13,31.1,22.8,1.5,26.950000000000003
2021-07-14,32.2,22.8,0.0,27.5
2021-07-15,32.8,23.3,0.0,28.049999999999997
2021-07-16,31.7,22.8,3.8,27.25
2021-07-17,30.0,22.8,0.3,26.4
2021-07-18,27.8,22.8,9.7,25.3
2021-07-19,29.4,22.8,4.3,26.1
2021-07-20,31.1,22.2,2.0,26.65
2021-07-21,32.8,23.9,0.0,28.349999999999998
2021-07-22,32.8,24.4,19.0,28.599999999999998
2021-07-23,32.8,23.9,0.8,28.349999999999998
2021-07-24,35.0,24.4,0.0,29.7
2021-07-25,35.0,25.6,0.0,30.3
2021-07-26,33.9,26.1,12.7,30.0
2021-07-27,35.6,25.0,0.0,30.3
2021-07-28,35.6,25.6,0.0,30.6
2021-07-29,34.4,25.0,0.0,29.7
2021-07-30,35.6,25.0,0.0,30.3
2021-07-31,35.6,26.1,0.0,30.85
2021-08-01,30.6,23.9,0.0,27.25
2021-08-02,31.1,23.9,0.0,27.5
2021-08-03,30.0,21.1,0.0,25.55
2021-08-04,30.6,20.0,0.0,25.3
2021-08-05,31.7,20.0,0.0,25.85
2021-08-06,31.7,21.7,0.0,26.7
2021-08-07,33.3,21.7,0.0,27.5
2021-08-08,33.3,22.8,0.0,28.049999999999997
2021-08-09,35.6,25.6,0.0,30.6
2021-08-10,35.6,26.1,0.0,30.85
2021-08-11,35.6,26.1,0.0,30.85
2021-08-12,35.0,24.4,0.0,29.7
2021-08-13,35.6,22.8,26.7,29.200000000000003
2021-08-14,33.3,22.8,0.0,28.049999999999997
2021-08-15,30.0,23.9,0.0,26.95
2021-08-16,33.3,22.8,0.0,28.049999999999997
2021-08-17,34.4,23.9,0.0,29.15
2021-08-18,28.9,22.8,22.6,25.85
2021-08-19,32.8,23.3,0.0,28.049999999999997
2021-08-20,31.1,23.3,5.3,27.200000000000003
2021-08-21,32.8,25.0,0.0,28.9
2021-08-22,33.9,25.0,0.0,29.45
2021-08-23,35.6,23.9,0.0,29.75
2021-08-24,35.6,24.4,0.0,30.0
2021-08-25,35.6,25.6,0.0,30.6
2021-08-26,35.6,26.1,0.0,30.85
2021-08-27,34.4,24.4,0.0,29.4
2021-08-28,34.4,24.4,0.0,29.4
2021-08-29,34.4,25.0,2.3,29.7
2021-08-30,26.7,22.2,4.1,24.45
2021-08-31,31.7,22.2,0.0,26.95
2021-09-01,31.7,22.8,1.3,27.25
2021-09-02,31.7,21.1,0.0,26.4
2021-09-03,32.2,20.0,0.0,26.1
2021-09-04,31.7,18.9,0.0,25.299999999999997
2021-09-05,26.7,21.1,0.0,23.9
2021-09-06,30.6,17.8,0.0,24.200000000000003
2021-09-07,32.2,16.7,0.0,24.450000000000003
2021-09-08,30.0,18.3,0.3,24.15
2021-09-09,30.6,16.1,0.0,23.35
2021-09-10,31.1,15.6,0.0,23.35
2021-09-11,30.0,18.3,0.0,24.15
2021-09-12,31.1,19.4,0.0,25.25
2021-09-13,32.8,22.2,0.0,27.5
2021-09-14,32.2,22.8,0.0,27.5
2021-09-15,30.6,22.8,0.0,26.700000000000003
2021-09-16,30.0,21.1,0.0,25.55
2021-09-17,28.3,23.9,0.3,26.1
2021-09-18,27.2,21.7,14.7,24.45
2021-09-19,29.4,21.7,1.0,25.549999999999997
2021-09-20,30.0,22.8,1.3,26.4
2021-09-21,29.4,16.7,18.8,23.049999999999997
2021-09-22,26.1,14.4,0.0,20.25
2021-09-23,25.6,11.1,0.0,18.35
2021-09-24,26.7,12.8,0.0,19.75
2021-09-25,28.9,15.0,0.0,21.95
2021-09-26,30.0,15.6,0.0,22.8
2021-09-27,30.0,17.2,0.0,23.6
2021-09-28,31.7,19.4,0.0,25.549999999999997
2021-09-29,29.4,21.1,0.3,25.25
2021-09-30,24.4,21.7,13.7,23.049999999999997
2021-10-01,30.0,22.2,0.5,26.1
2021-10-02,25.6,21.1,28.7,23.35
2021-10-03,28.3,20.0,0.0,24.15
2021-10-04,28.3,17.2,0.0,22.75
2021-10-05,27.8,19.4,0.5,23.6
2021-10-06,27.2,18.3,0.0,22.75
2021-10-07,28.9,16.7,0.0,22.799999999999997
2021-10-08,30.6,17.8,0.0,24.200000000000003
2021-10-09,30.0,20.0,0.0,25.0
2021-10-10,30.0,20.0,0.0,25.0
2021-10-11,27.8,17.2,1.0,22.5
2021-10-12,28.9,14.4,0.0,21.65
2021-10-13,30.6,22.8,0.0,26.700000000000003
2021-10-14,28.9,21.7,0.8,25.299999999999997
2021-10-15,28.9,13.3,45.7,21.1
2021-10-16,21.1,9.4,0.0,15.25
2021-10-17,22.2,7.8,0.0,15.0
2021-10-18,22.2,7.8,0.0,15.0
2021-10-19,22.8,10.0,0.0,16.4
2021-10-20,26.7,11.7,0.0,19.2
2021-10-21,25.6,14.4,0.0,20.0
2021-10-22,21.7,9.4,0.0,15.55
2021-10-23,26.7,12.2,0.0,19.45
2021-10-24,28.3,18.3,0.0,23.3
2021-10-25,22.2,12.2,17.3,17.2
2021-10-26,21.1,9.4,0.0,15.25
2021-10-27,22.2,12.2,9.7,17.2
2021-10-28,16.1,10.0,10.4,13.05
2021-10-29,14.4,10.0,6.9,12.2
2021-10-30,16.7,8.9,0.0,12.8
2021-10-31,21.7,7.2,0.0,14.45
2021-11-01,18.9,7.8,0.0,13.35
2021-11-02,12.2,7.8,0.0,10.0
2021-11-03,8.9,5.0,3.8,6.95
2021-11-04,13.3,1.7,0.0,7.5
2021-11-05,15.6,1.7,0.0,8.65
2021-11-06,16.7,3.9,0.0,10.299999999999999
2021-11-07,20.0,3.3,0.0,11.65
2021-11-08,21.7,5.0,0.0,13.35
2021-11-09,21.7,7.8,0.0,14.75
2021-11-10,21.7,8.9,0.0,15.3
2021-11-11,19.4,7.8,15.5,13.6
2021-11-12,17.8,5.6,0.3,11.7
2021-11-13,10.0,1.1,0.0,5.55
2021-11-14,17.2,2.8,0.0,10.0
2021-11-15,20.0,3.3,0.0,11.65
2021-11-16,23.9,15.0,0.0,19.45
2021-11-17,25.0,15.6,0.0,20.3
2021-11-18,20.6,2.2,11.2,11.4
2021-11-19,14.4,1.1,0.0,7.75
2021-11-20,17.2,3.3,0.0,10.25
2021-11-21,15.6,9.4,11.2,12.5
2021-11-22,11.7,2.2,0.0,6.949999999999999
2021-11-23,13.9,0.6,0.0,7.25
2021-11-24,19.4,5.6,0.0,12.5
2021-11-25,14.4,2.8,11.7,8.6
2021-11-26,10.0,-1.6,0.0,4.2
2021-11-27,13.3,1.7,0.0,7.5
2021-11-28,16.1,3.9,0.0,10.0
2021-11-29,15.0,1.7,0.0,8.35
2021-11-30,21.7,6.7,0.0,14.2
2021-12-01,20.0,10.6,0.0,15.3
2021-12-02,23.3,8.9,0.0,16.1
2021-12-03,24.4,10.0,0.0,17.2
2021-12-04,18.3,15.0,0.3,16.65
2021-12-05,22.2,15.0,3.6,18.6
2021-12-06,19.4,2.8,14.2,11.1
2021-12-07,8.9,0.0,0.0,4.45
2021-12-08,14.4,2.8,0.0,8.6
2021-12-09,18.3,5.0,0.0,11.65
2021-12-10,26.7,17.8,0.0,22.25
2021-12-11,24.4,2.2,47.5,13.299999999999999
2021-12-12,12.8,0.0,0.0,6.4
2021-12-13,16.7,2.2,0.0,9.45
2021-12-14,21.1,10.6,0.0,15.850000000000001
2021-12-15,18.9,15.0,0.0,16.95
2021-12-16,21.1,11.1,14.2,16.1
2021-12-17,22.2,10.6,5.8,16.4
2021-12-18,19.4,5.0,5.1,12.2
2021-12-19,7.8,0.6,0.0,4.2
2021-12-20,10.6,-1.0,0.0,4.8
2021-12-21,13.3,4.4,0.0,8.850000000000001
2021-12-22,12.2,3.3,0.0,7.75
2021-12-23,17.8,2.2,0.0,10.0
2021-12-24,22.8,14.4,0.0,18.6
2021-12-25,25.0,16.7,0.0,20.85
2021-12-26,21.7,14.4,0.0,18.05
2021-12-27,22.8,17.8,0.0,20.3
2021-12-28,23.3,18.3,0.3,20.8
2021-12-29,21.7,12.8,23.9,17.25
2021-12-30,19.4,11.1,0.0,15.25
2021-12-31,22.2,16.1,0.0,19.15
2022-01-01,26.1,10.6,31.8,18.35
2022-01-02,10.6,-1.6,3.3,4.5
2022-01-03,5.0,-2.1,0.0,1.45
2022-01-04,5.6,-3.8,0.0,0.8999999999999999
2022-01-05,13.9,2.8,0.0,8.35
2022-01-06,5.6,-4.9,2.3,0.34999999999999964
2022-01-07,1.7,-6.6,0.0,-2.4499999999999997
2022-01-08,16.1,-2.7,1.3,6.700000000000001
2022-01-09,17.2,0.6,23.1,8.9
2022-01-10,8.3,-3.8,0.0,2.2500000000000004
2022-01-11,13.3,-1.0,0.0,6.15
2022-01-12,15.0,1.7,0.0,8.35
2022-01-13,18.9,5.0,0.0,11.95
2022-01-14,12.2,3.9,0.0,8.049999999999999
2022-01-15,10.0,3.9,17.0,6.95
2022-01-16,5.0,-0.5,8.6,2.25
2022-01-17,8.9,-0.5,0.0,4.2
2022-01-18,15.6,-0.5,0.0,7.55
2022-01-19,15.6,-1.0,9.4,7.3
2022-01-20,-1.0,-6.6,0.0,-3.8
2022-01-21,1.7,-8.2,0.0,-3.2499999999999996
2022-01-22,3.9,-7.7,0.0,-1.9000000000000001
2022-01-23,12.2,-3.8,0.0,4.199999999999999
2022-01-24,18.3,-1.0,0.0,8.65
2022-01-25,10.6,-2.1,0.0,4.25
2022-01-26,4.4,-5.5,0.0,-0.5499999999999998
2022-01-27,10.0,-3.8,0.0,3.1
2022-01-28,9.4,-3.2,0.0,3.1
2022-01-29,6.7,-6.6,0.0,0.050000000000000266
2022-01-30,16.1,0.6,0.0,8.350000000000001
2022-01-31,20.0,-1.0,0.0,9.5
2022-02-01,21.1,6.7,8.4,13.9
2022-02-02,16.1,0.6,3.3,8.350000000000001
2022-02-03,1.1,-2.7,47.0,-0.8
2022-02-04,-1.6,-5.5,0.0,-3.55
2022-02-05,3.9,-5.5,0.0,-0.8
2022-02-06,9.4,-5.5,0.0,1.9500000000000002
2022-02-07,10.6,-4.3,0.0,3.15
2022-02-08,14.4,-3.2,0.0,5.6
2022-02-09,18.3,6.1,0.0,12.2
2022-02-10,19.4,2.2,0.0,10.799999999999999
2022-02-11,21.7,7.8,0.0,14.75
2022-02-12,11.7,-2.1,0.0,4.8
2022-02-13,8.3,-4.9,0.0,1.7000000000000002
2022-02-14,16.7,-2.1,0.0,7.3
2022-02-15,20.6,5.0,0.0,12.8
2022-02-16,23.9,10.6,0.0,17.25
2022-02-17,20.6,0.6,24.6,10.600000000000001
2022-02-18,7.8,-2.7,0.0,2.55
2022-02-19,13.3,-1.6,0.0,5.8500000000000005
2022-02-20,19.4,2.2,0.0,10.799999999999999
2022-02-21,16.1,10.6,1.8,13.350000000000001
2022-02-22,21.7,5.6,46.2,13.649999999999999
2022-02-23,5.6,0.6,36.8,3.0999999999999996
2022-02-24,4.4,0.6,24.6,2.5
2022-02-25,1.1,-1.0,0.0,0.050000000000000044
2022-02-26,3.9,-1.0,7.9,1.45
2022-02-27,10.6,1.1,3.0,5.85
2022-02-28,16.1,-1.6,0.0,7.250000000000001
2022-03-01,21.7,2.8,0.0,12.25
2022-03-02,25.0,5.6,0.0,15.3
2022-03-03,26.7,7.8,0.0,17.25
2022-03-04,26.1,8.3,0.0,17.200000000000003
2022-03-05,26.1,12.8,0.5,19.450000000000003
2022-03-06,27.2,18.9,0.5,23.049999999999997
2022-03-07,23.3,5.6,19.8,14.45
2022-03-08,8.9,3.9,6.6,6.4
2022-03-09,13.9,2.8,0.5,8.35
2022-03-10,17.8,4.4,0.0,11.100000000000001
2022-03-11,11.7,-2.1,7.4,4.8
2022-03-12,1.1,-3.8,0.0,-1.3499999999999999
2022-03-13,15.0,-3.2,0.0,5.9
2022-03-14,19.4,3.9,0.0,11.649999999999999
2022-03-15,15.0,11.7,5.6,13.35
2022-03-16,21.1,11.1,0.0,16.1
2022-03-17,23.9,8.9,0.0,16.4
2022-03-18,22.2,8.9,16.5,15.55
2022-03-19,18.3,8.3,0.0,13.3
2022-03-20,23.9,6.1,0.0,15.0
2022-03-21,24.4,9.4,0.0,16.9
2022-03-22,20.6,12.8,52.1,16.700000000000003
2022-03-23,14.4,5.0,0.0,9.7
2022-03-24,15.6,2.2,0.0,8.9
2022-03-25,15.6,6.7,0.0,11.15
2022-03-26,17.8,5.0,0.0,11.4
2022-03-27,15.0,6.1,0.0,10.55
2022-03-28,20.0,6.1,0.0,13.05
2022-03-29,26.1,11.7,0.0,18.9
2022-03-30,24.4,8.9,33.0,16.65
2022-03-31,15.0,5.0,0.8,10.0
2022-04-01,15.6,2.2,0.0,8.9
2022-04-02,20.6,6.7,0.0,13.65
2022-04-03,22.2,8.9,0.0,15.55
2022-04-04,25.6,12.2,0.0,18.9
2022-04-05,22.8,13.9,14.5,18.35
2022-04-06,21.1,9.4,0.3,15.25
2022-04-07,17.8,8.3,0.0,13.05
2022-04-08,10.0,6.7,0.0,8.35
2022-04-09,18.9,2.8,0.0,10.85
2022-04-10,27.8,10.6,0.0,19.2
2022-04-11,23.3,17.2,14.2,20.25
2022-04-12,28.3,18.9,11.4,23.6
2022-04-13,26.7,9.4,57.9,18.05
2022-04-14,20.0,5.6,0.0,12.8
2022-04-15,26.7,10.0,0.5,18.35
2022-04-16,20.0,15.6,0.3,17.8
2022-04-17,15.6,8.9,7.6,12.25
2022-04-18,16.7,8.3,0.0,12.5
2022-04-19,18.3,5.6,0.0,11.95
2022-04-20,18.3,11.1,4.1,14.7
2022-04-21,27.2,17.2,27.9,22.2
2022-04-22,28.9,17.2,0.0,23.049999999999997
2022-04-23,28.3,18.3,0.0,23.3
2022-04-24,28.9,20.0,0.0,24.45
2022-04-25,23.3,13.9,29.0,18.6
2022-04-26,18.9,10.0,0.0,14.45
2022-04-27,23.9,7.8,0.0,15.85
2022-04-28,26.7,11.1,0.0,18.9
2022-04-29,28.9,14.4,0.0,21.65
2022-04-30,28.3,18.3,0.5,23.3
2022-05-01,28.3,16.1,0.0,22.200000000000003
2022-05-02,28.9,14.4,0.0,21.65
2022-05-03,27.2,17.8,0.8,22.5
2022-05-04,27.2,15.0,0.0,21.1
2022-05-05,27.2,17.8,33.0,22.5
2022-05-06,23.3,14.4,0.5,18.85
2022-05-07,22.2,13.9,0.0,18.05
2022-05-08,26.7,11.7,0.0,19.2
2022-05-09,30.0,20.0,0.0,25.0
2022-05-10,32.2,21.7,0.0,26.950000000000003
2022-05-11,33.3,21.1,0.0,27.2
2022-05-12,36.1,23.3,0.0,29.700000000000003
2022-05-13,31.7,18.3,11.9,25.0
2022-05-14,31.1,19.4,0.0,25.25
2022-05-15,32.8,20.0,0.3,26.4
2022-05-16,28.3,17.2,0.0,22.75
2022-05-17,29.4,15.0,0.0,22.2
2022-05-18,34.4,20.0,0.0,27.2
2022-05-19,32.8,23.9,0.0,28.349999999999998
2022-05-20,32.8,23.3,0.0,28.049999999999997
2022-05-21,31.7,20.0,31.0,25.85
2022-05-22,21.7,17.2,12.2,19.45
2022-05-23,23.3,16.1,0.0,19.700000000000003
2022-05-24,28.9,18.9,5.1,23.9
2022-05-25,25.6,20.6,7.1,23.1
2022-05-26,24.4,15.6,1.0,20.0
2022-05-27,22.8,13.9,0.0,18.35
2022-05-28,28.3,12.8,0.0,20.55
2022-05-29,30.6,17.8,0.0,24.200000000000003
2022-05-30,32.2,19.4,0.0,25.8
2022-05-31,33.3,21.7,0.0,27.5
2022-06-01,33.9,21.7,1.0,27.799999999999997
2022-06-02,26.7,20.6,0.5,23.65
2022-06-03,30.0,17.8,0.0,23.9
2022-06-04,31.1,17.8,0.0,24.450000000000003
2022-06-05,32.8,19.4,0.0,26.099999999999998
2022-06-06,30.6,22.2,12.7,26.4
2022-06-07,32.8,23.3,0.0,28.049999999999997
2022-06-08,28.3,21.1,4.3,24.700000000000003
2022-06-09,31.1,20.0,0.0,25.55
2022-06-10,27.8,19.4,2.3,23.6
2022-06-11,31.1,18.9,0.0,25.0
2022-06-12,35.6,22.8,0.0,29.200000000000003
2022-06-13,36.1,26.7,0.0,31.4
2022-06-14,36.1,26.1,0.0,31.1
2022-06-15,36.1,25.6,0.0,30.85
2022-06-16,37.8,26.1,0.0,31.95
2022-06-17,37.8,27.8,0.0,32.8
2022-06-18,36.7,25.0,0.0,30.85
2022-06-19,33.3,20.6,0.0,26.95
2022-06-20,36.7,20.6,0.0,28.650000000000002
2022-06-21,38.3,25.0,0.0,31.65
2022-06-22,38.9,26.1,0.0,32.5
2022-06-23,36.1,26.7,0.0,31.4
2022-06-24,36.7,24.4,0.0,30.55
2022-06-25,38.3,24.4,0.0,31.349999999999998
2022-06-26,37.8,24.4,1.5,31.099999999999998
2022-06-27,31.1,22.8,0.0,26.950000000000003
2022-06-28,32.8,20.6,0.0,26.7
2022-06-29,35.0,20.0,0.0,27.5
2022-06-30,36.1,23.9,0.0,30.0
2022-07-01,36.1,23.3,0.0,29.700000000000003
2022-07-02,36.1,23.9,1.3,30.0
2022-07-03,35.0,23.3,0.0,29.15
2022-07-04,37.2,25.0,0.0,31.1
2022-07-05,39.4,26.7,0.0,33.05
2022-07-06,38.3,26.1,0.0,32.2
2022-07-07,38.3,27.2,0.0,32.75
2022-07-08,39.4,27.8,0.0,33.6
2022-07-09,37.8,24.4,5.6,31.099999999999998
2022-07-10,35.6,25.0,0.0,30.3
2022-07-11,37.2,23.3,0.0,30.25
2022-07-12,38.3,25.0,0.0,31.65
2022-07-13,35.0,23.9,3.3,29.45
2022-07-14,36.7,24.4,0.0,30.55
2022-07-15,37.2,24.4,0.0,30.8
2022-07-16,37.8,25.0,0.0,31.4
2022-07-17,37.8,26.1,0.0,31.95
2022-07-18,33.3,21.7,37.8,27.5
2022-07-19,35.0,23.9,0.3,29.45
2022-07-20,36.1,27.8,0.0,31.950000000000003
2022-07-21,37.8,26.7,0.0,32.25
2022-07-22,36.7,24.4,0.0,30.55
2022-07-23,35.6,25.0,0.0,30.3
2022-07-24,36.7,25.6,0.0,31.150000000000002
2022-07-25,37.8,26.7,0.0,32.25
2022-07-26,36.7,26.1,0.0,31.400000000000002
2022-07-27,35.6,26.7,0.0,31.15
2022-07-28,36.7,26.7,0.5,31.700000000000003
2022-07-29,31.1,23.3,19.3,27.200000000000003
2022-07-30,32.2,24.4,1.5,28.3
2022-07-31,27.2,23.9,38.1,25.549999999999997
2022-08-01,34.4,23.9,0.0,29.15
2022-08-02,35.0,25.0,0.0,30.0
2022-08-03,33.9,23.9,0.0,28.9
2022-08-04,32.2,25.0,0.0,28.6
2022-08-05,33.9,25.0,26.2,29.45
2022-08-06,35.0,24.4,0.0,29.7
2022-08-07,34.4,24.4,0.0,29.4
2022-08-08,36.1,25.6,0.0,30.85
2022-08-09,34.4,23.9,8.4,29.15
2022-08-10,33.9,23.3,32.5,28.6
2022-08-11,32.8,23.9,15.5,28.349999999999998
2022-08-12,32.8,23.3,0.0,28.049999999999997
2022-08-13,32.8,20.0,0.0,26.4
2022-08-14,33.3,22.2,0.0,27.75
2022-08-15,34.4,25.0,0.0,29.7
2022-08-16,30.0,22.8,0.3,26.4
2022-08-17,25.0,20.0,22.4,22.5
2022-08-18,32.2,20.6,0.0,26.400000000000002
2022-08-19,33.3,22.2,0.0,27.75
2022-08-20,32.2,23.3,0.0,27.75
2022-08-21,30.6,21.7,29.2,26.15
2022-08-22,32.2,23.3,1.0,27.75
2022-08-23,30.0,22.8,2.0,26.4
2022-08-24,31.1,22.8,0.0,26.950000000000003
2022-08-25,33.3,22.2,0.0,27.75
2022-08-26,35.0,23.3,0.0,29.15
2022-08-27,36.7,23.9,0.0,30.3
2022-08-28,35.0,24.4,0.0,29.7
2022-08-29,35.6,25.6,0.0,30.6
2022-08-30,33.9,23.9,13.7,28.9
2022-08-31,33.9,23.9,0.0,28.9
2022-09-01,33.3,20.0,0.0,26.65
2022-09-02,32.8,22.8,0.0,27.799999999999997
2022-09-03,35.0,23.3,34.5,29.15
2022-09-04,31.7,23.3,0.3,27.5
2022-09-05,34.4,22.8,0.0,28.6
2022-09-06,33.3,22.8,9.1,28.049999999999997
2022-09-07,32.2,22.2,0.0,27.200000000000003
2022-09-08,31.1,20.6,0.0,25.85
2022-09-09,31.1,20.0,0.3,25.55
2022-09-10,25.0,22.2,12.7,23.6
2022-09-11,30.6,18.9,0.0,24.75
2022-09-12,28.3,16.1,0.0,22.200000000000003
2022-09-13,32.2,15.6,0.0,23.900000000000002
2022-09-14,32.8,17.8,0.0,25.299999999999997
2022-09-15,32.2,18.9,0.0,25.55
2022-09-16,32.2,20.6,0.0,26.400000000000002
2022-09-17,32.8,20.6,0.0,26.7
2022-09-18,35.0,21.1,0.0,28.05
2022-09-19,36.7,22.8,0.0,29.75
2022-09-20,37.8,23.3,0.0,30.549999999999997
2022-09-21,38.9,23.3,0.0,31.1
2022-09-22,30.0,19.4,0.0,24.7
2022-09-23,30.6,16.7,0.0,23.65
2022-09-24,35.6,19.4,0.0,27.5
2022-09-25,33.9,20.0,0.0,26.95
2022-09-26,28.9,15.6,0.0,22.25
2022-09-27,26.7,13.3,0.0,20.0
2022-09-28,23.9,13.3,0.0,18.6
2022-09-29,23.3,10.6,0.0,16.95
2022-09-30,24.4,10.6,0.0,17.5
2022-10-01,25.6,11.1,0.0,18.35
2022-10-02,27.2,12.8,0.0,20.0
2022-10-03,26.1,13.3,0.0,19.700000000000003
2022-10-04,25.6,11.7,0.0,18.65
2022-10-05,26.7,10.0,0.0,18.35
2022-10-06,29.4,11.7,0.0,20.549999999999997
2022-10-07,27.2,13.9,0.0,20.55
2022-10-08,21.1,10.6,0.0,15.850000000000001
2022-10-09,23.9,9.4,0.0,16.65
2022-10-10,28.9,11.7,0.0,20.299999999999997
2022-10-11,26.7,15.6,0.0,21.15
2022-10-12,29.4,17.2,25.1,23.299999999999997
2022-10-13,21.7,11.1,0.0,16.4
2022-10-14,26.7,7.8,0.0,17.25
2022-10-15,21.7,15.0,22.9,18.35
2022-10-16,23.9,16.7,0.3,20.299999999999997
2022-10-17,16.7,6.1,0.0,11.399999999999999
2022-10-18,11.1,2.2,0.0,6.65
2022-10-19,15.0,1.7,0.0,8.35
2022-10-20,20.0,2.8,0.0,11.4
2022-10-21,26.7,9.4,0.0,18.05
2022-10-22,26.1,16.7,0.0,21.4
2022-10-23,27.2,16.1,0.0,21.65
2022-10-24,26.7,15.6,0.0,21.15
2022-10-25,22.8,8.9,13.5,15.850000000000001
2022-10-26,18.9,6.7,0.0,12.799999999999999
2022-10-27,21.1,7.2,0.0,14.15
2022-10-28,24.4,8.9,0.0,16.65
2022-10-29,22.2,14.4,60.2,18.3
2022-10-30,20.6,15.0,0.5,17.8
2022-10-31,21.7,12.2,0.0,16.95
2022-11-01,21.1,10.6,0.0,15.850000000000001
2022-11-02,25.6,13.9,0.5,19.75
2022-11-03,26.1,11.1,0.0,18.6
2022-11-04,25.6,16.7,0.0,21.15
2022-11-05,22.2,10.0,40.9,16.1
2022-11-06,22.8,8.9,0.0,15.850000000000001
2022-11-07,21.1,16.7,4.3,18.9
2022-11-08,27.8,14.4,0.0,21.1
2022-11-09,26.1,16.1,0.0,21.1
2022-11-10,23.9,10.6,0.0,17.25
2022-11-11,20.6,8.3,0.0,14.450000000000001
2022-11-12,8.3,-0.5,4.8,3.9000000000000004
2022-11-13,6.7,0.0,0.0,3.35
2022-11-14,10.6,-1.0,2.5,4.8
2022-11-15,8.3,4.4,0.0,6.3500000000000005
2022-11-16,10.0,0.0,0.0,5.0
2022-11-17,6.7,-2.7,0.0,2.0
2022-11-18,7.8,-1.0,0.0,3.4
2022-11-19,6.1,-2.7,0.0,1.6999999999999997
2022-11-20,6.7,-2.7,0.0,2.0
2022-11-21,11.7,-4.3,0.0,3.6999999999999997
2022-11-22,16.1,-1.0,0.0,7.550000000000001
2022-11-23,19.4,1.1,0.0,10.25
2022-11-24,15.0,8.9,6.4,11.95
2022-11-25,18.3,9.4,0.3,13.850000000000001
2022-11-26,17.2,7.8,5.1,12.5
2022-11-27,15.0,5.6,0.0,10.3
2022-11-28,16.7,5.6,0.0,11.149999999999999
2022-11-29,20.0,9.4,27.2,14.7
2022-11-30,15.6,-0.5,0.0,7.55
2022-12-01,10.0,-0.5,0.0,4.75
2022-12-02,18.9,7.2,0.5,13.049999999999999
2022-12-03,18.9,3.3,0.8,11.1
2022-12-04,7.8,1.1,0.0,4.45
2022-12-05,20.0,6.1,18.0,13.05
2022-12-06,22.2,16.7,9.4,19.45
2022-12-07,20.0,15.6,26.7,17.8
2022-12-08,16.7,12.8,3.8,14.75
2022-12-09,14.4,7.8,0.0,11.1
2022-12-10,11.1,7.8,15.7,9.45
2022-12-11,12.2,8.9,0.0,10.55
2022-12-12,11.1,7.2,0.0,9.15
2022-12-13,18.3,7.8,34.0,13.05
2022-12-14,17.2,7.8,17.8,12.5
2022-12-15,9.4,2.8,0.0,6.1
2022-12-16,7.8,1.7,0.0,4.75
2022-12-17,7.2,-0.5,0.0,3.35
2022-12-18,7.2,-4.9,0.0,1.15
2022-12-19,6.1,-0.5,0.0,2.8
2022-12-20,12.2,3.3,0.0,7.75
2022-12-21,12.2,0.6,0.0,6.3999999999999995
2022-12-22,7.8,-14.9,4.3,-3.5500000000000003
2022-12-23,-9.9,-17.1,0.0,-13.5
2022-12-24,-2.7,-12.1,0.0,-7.4
2022-12-25,0.6,-6.0,0.0,-2.7
2022-12-26,2.8,-2.7,0.3,0.04999999999999982
2022-12-27,6.7,-3.2,0.0,1.75
2022-12-28,17.2,-1.0,0.0,8.1
2022-12-29,17.8,12.8,10.9,15.3
2022-12-30,16.7,11.7,8.6,14.2
2022-12-31,16.7,10.0,0.3,13.35
2023-01-01,23.3,10.6,0.0,16.95
2023-01-02,21.7,17.2,17.0,19.45
2023-01-03,21.7,15.0,97.5,18.35
2023-01-04,15.6,5.6,0.0,10.6
2023-01-05,12.8,4.4,0.0,8.600000000000001
2023-01-06,13.9,0.6,0.0,7.25
2023-01-07,14.4,10.0,0.5,12.2
2023-01-08,12.8,2.8,0.0,7.800000000000001
2023-01-09,13.3,0.6,0.0,6.95
2023-01-10,16.1,3.9,0.0,10.0
2023-01-11,21.7,15.0,0.0,18.35
2023-01-12,20.0,4.4,7.6,12.2
2023-01-13,4.4,0.6,0.0,2.5
2023-01-14,7.8,-2.1,0.0,2.8499999999999996
2023-01-15,15.0,-1.0,0.0,7.0
2023-01-16,17.2,9.4,4.6,13.3
2023-01-17,20.6,12.2,6.6,16.4
2023-01-18,22.8,11.1,22.6,16.95
2023-01-19,13.9,4.4,0.0,9.15
2023-01-20,10.0,1.7,0.0,5.85
2023-01-21,11.7,0.0,2.8,5.85
2023-01-22,10.6,3.9,7.9,7.25
2023-01-23,9.4,1.1,0.0,5.25
2023-01-24,9.4,0.0,18.0,4.7
2023-01-25,8.3,2.2,1.8,5.25
2023-01-26,6.7,-1.0,0.0,2.85
2023-01-27,13.9,-1.0,0.0,6.45
2023-01-28,15.0,2.8,1.0,8.9
2023-01-29,14.4,6.7,17.5,10.55
2023-01-30,6.7,-0.5,10.2,3.1
2023-01-31,0.0,-3.8,16.3,-1.9
2023-02-01,-0.5,-3.8,3.8,-2.15
2023-02-02,0.6,-1.0,2.3,-0.2
2023-02-03,3.3,-2.7,0.0,0.2999999999999998
2023-02-04,8.3,-3.2,0.0,2.5500000000000003
2023-02-05,15.6,4.4,0.0,10.0
2023-02-06,19.4,2.2,0.0,10.799999999999999
2023-02-07,22.2,10.0,0.0,16.1
2023-02-08,22.8,12.8,10.9,17.8
2023-02-09,17.8,7.8,3.8,12.8
2023-02-10,13.3,3.9,0.0,8.6
2023-02-11,10.6,3.3,0.0,6.949999999999999
2023-02-12,14.4,0.0,0.0,7.2
2023-02-13,18.9,2.2,0.0,10.549999999999999
2023-02-14,17.8,8.9,8.6,13.350000000000001
2023-02-15,22.8,16.1,5.3,19.450000000000003
2023-02-16,21.7,1.7,25.9,11.7
2023-02-17,7.8,0.0,0.0,3.9
2023-02-18,12.8,-1.6,0.0,5.6000000000000005
2023-02-19,17.8,4.4,0.0,11.100000000000001
2023-02-20,22.2,13.3,0.0,17.75
2023-02-21,22.2,9.4,0.0,15.8
2023-02-22,25.0,15.0,10.7,20.0
2023-02-23,25.6,12.8,0.0,19.200000000000003
2023-02-24,12.8,4.4,12.2,8.600000000000001
2023-02-25,8.3,6.1,13.7,7.2
2023-02-26,17.8,8.3,0.0,13.05
2023-02-27,22.8,15.6,0.3,19.2
2023-02-28,25.0,8.3,0.0,16.65
2023-03-01,22.8,15.6,42.4,19.2
2023-03-02,20.6,15.6,22.1,18.1
2023-03-03,20.6,10.0,23.6,15.3
2023-03-04,17.8,9.4,0.0,13.600000000000001
2023-03-05,22.8,7.2,0.0,15.0
2023-03-06,25.0,12.8,0.0,18.9
2023-03-07,20.0,13.9,0.0,16.95
2023-03-08,14.4,7.2,9.1,10.8
2023-03-09,14.4,8.3,12.2,11.350000000000001
2023-03-10,14.4,7.2,0.0,10.8
2023-03-11,11.7,5.0,3.6,8.35
2023-03-12,11.7,7.2,3.6,9.45
2023-03-13,8.3,2.2,0.0,5.25
2023-03-14,9.4,-1.6,0.0,3.9000000000000004
2023-03-15,13.9,0.0,0.0,6.95
2023-03-16,20.0,8.3,24.6,14.15
2023-03-17,15.6,4.4,3.8,10.0
2023-03-18,9.4,0.0,0.0,4.7
2023-03-19,5.6,-3.8,0.0,0.8999999999999999
2023-03-20,12.2,-3.8,0.0,4.199999999999999
2023-03-21,12.2,6.7,7.9,9.45
2023-03-22,22.8,10.6,18.3,16.7
2023-03-23,26.1,18.9,0.0,22.5
2023-03-24,25.6,15.6,40.6,20.6
2023-03-25,20.0,12.2,0.0,16.1
2023-03-26,26.1,10.0,0.0,18.05
2023-03-27,19.4,10.6,0.0,15.0
2023-03-28,16.7,8.3,0.8,12.5
2023-03-29,18.3,5.6,0.0,11.95
2023-03-30,23.9,7.8,0.0,15.85
2023-03-31,25.0,17.2,7.6,21.1
2023-04-01,21.7,9.4,0.0,15.55
2023-04-02,23.9,6.7,0.0,15.299999999999999
2023-04-03,23.3,13.9,5.3,18.6
2023-04-04,30.6,20.0,0.0,25.3
2023-04-05,26.7,11.7,36.8,19.2
2023-04-06,11.7,8.9,24.9,10.3
2023-04-07,16.1,10.0,0.0,13.05
2023-04-08,16.1,11.1,0.0,13.600000000000001
2023-04-09,19.4,12.2,0.0,15.799999999999999
2023-04-10,22.8,11.7,0.0,17.25
2023-04-11,24.4,10.0,0.0,17.2
2023-04-12,25.6,9.4,0.0,17.5
2023-04-13,23.9,14.4,0.3,19.15
2023-04-14,22.2,13.9,0.0,18.05
2023-04-15,26.7,13.9,21.3,20.3
2023-04-16,17.8,8.9,0.0,13.350000000000001
2023-04-17,22.2,9.4,0.0,15.8
2023-04-18,25.6,10.0,0.0,17.8
2023-04-19,27.2,13.3,0.0,20.25
2023-04-20,27.8,15.6,3.3,21.7
2023-04-21,17.2,7.8,60.2,12.5
2023-04-22,20.0,6.1,0.0,13.05
2023-04-23,15.0,7.2,0.0,11.1
2023-04-24,18.3,4.4,0.0,11.350000000000001
2023-04-25,20.6,10.0,1.0,15.3
2023-04-26,20.6,11.1,0.3,15.850000000000001
2023-04-27,22.2,13.3,6.6,17.75
2023-04-28,19.4,13.3,0.0,16.35
2023-04-29,16.7,11.7,2.0,14.2
2023-04-30,20.6,10.6,0.0,15.600000000000001
2023-05-01,20.6,8.9,0.0,14.75
2023-05-02,20.6,7.8,0.0,14.200000000000001
2023-05-03,22.8,9.4,0.0,16.1
2023-05-04,25.6,10.0,0.0,17.8
2023-05-05,23.9,15.0,0.5,19.45
2023-05-06,29.4,17.2,0.0,23.299999999999997
2023-05-07,30.0,21.7,0.0,25.85
2023-05-08,30.6,20.6,0.0,25.6
2023-05-09,32.2,18.9,0.0,25.55
2023-05-10,30.6,20.6,0.3,25.6
2023-05-11,28.3,19.4,21.6,23.85
2023-05-12,26.1,19.4,4.3,22.75
2023-05-13,30.0,19.4,3.0,24.7
2023-05-14,32.2,20.0,0.0,26.1
2023-05-15,32.8,21.1,0.0,26.95
2023-05-16,30.6,20.6,2.5,25.6
2023-05-17,23.9,18.3,0.0,21.1
2023-05-18,29.4,18.3,0.0,23.85
2023-05-19,27.8,20.0,0.0,23.9
2023-05-20,23.9,17.2,19.8,20.549999999999997
2023-05-21,24.4,13.9,0.0,19.15
2023-05-22,28.3,16.7,0.0,22.5
2023-05-23,26.7,19.4,0.0,23.049999999999997
2023-05-24,28.3,17.2,0.0,22.75
2023-05-25,29.4,19.4,0.0,24.4
2023-05-26,28.3,18.9,0.0,23.6
2023-05-27,25.6,16.7,0.0,21.15
2023-05-28,29.4,15.0,0.0,22.2
2023-05-29,30.0,16.1,0.0,23.05
2023-05-30,30.6,17.2,0.0,23.9
2023-05-31,31.7,21.7,0.0,26.7
2023-06-01,31.1,21.7,0.0,26.4
2023-06-02,33.3,21.1,0.0,27.2
2023-06-03,33.9,21.7,0.0,27.799999999999997
2023-06-04,34.4,19.4,0.0,26.9
2023-06-05,32.2,21.7,3.0,26.950000000000003
2023-06-06,32.2,19.4,0.0,25.8
2023-06-07,32.2,17.8,0.0,25.0
2023-06-08,28.9,21.1,6.1,25.0
2023-06-09,30.6,21.7,0.0,26.15
2023-06-10,30.6,20.6,2.3,25.6
2023-06-11,30.6,20.0,4.8,25.3
2023-06-12,25.0,18.3,0.3,21.65
2023-06-13,27.8,17.8,0.8,22.8
2023-06-14,29.4,20.0,17.3,24.7
2023-06-15,30.0,22.2,2.8,26.1
2023-06-16,32.2,20.6,44.5,26.400000000000002
2023-06-17,32.8,21.1,0.0,26.95
2023-06-18,28.3,20.0,54.6,24.15
2023-06-19,30.6,20.6,0.0,25.6
2023-06-20,31.1,21.1,0.0,26.1
2023-06-21,30.0,21.7,0.0,25.85
2023-06-22,30.0,21.1,0.0,25.55
2023-06-23,31.7,19.4,0.0,25.549999999999997
2023-06-24,32.8,21.7,0.0,27.25
2023-06-25,35.0,23.9,0.8,29.45
2023-06-26,32.2,21.7,0.0,26.950000000000003
2023-06-27,32.8,21.1,0.0,26.95
2023-06-28,33.3,21.7,0.0,27.5
2023-06-29,35.6,26.1,0.0,30.85
2023-06-30,36.1,27.2,0.0,31.65
2023-07-01,35.6,27.2,0.0,31.4
2023-07-02,34.4,23.9,4.3,29.15
2023-07-03,34.4,23.3,2.3,28.85
2023-07-04,33.3,22.2,22.6,27.75
2023-07-05,32.8,21.1,25.9,26.95
2023-07-06,32.8,22.8,1.3,27.799999999999997
2023-07-07,31.7,21.7,0.3,26.7
2023-07-08,32.2,22.2,13.7,27.200000000000003
2023-07-09,26.7,21.1,10.4,23.9
2023-07-10,29.4,20.0,0.0,24.7
2023-07-11,31.1,20.0,0.0,25.55
2023-07-12,31.7,24.4,0.0,28.049999999999997
2023-07-13,33.3,25.0,0.0,29.15
2023-07-14,31.1,23.3,10.9,27.200000000000003
2023-07-15,31.1,21.7,2.0,26.4
2023-07-16,33.3,23.9,0.0,28.599999999999998
2023-07-17,32.8,23.3,0.0,28.049999999999997
2023-07-18,35.0,22.2,8.4,28.6
2023-07-19,34.4,25.6,0.0,30.0
2023-07-20,34.4,26.7,0.0,30.549999999999997
2023-07-21,29.4,21.1,115.1,25.25
2023-07-22,29.4,21.1,0.0,25.25
2023-07-23,32.2,20.0,0.0,26.1
2023-07-24,32.8,22.2,0.0,27.5
2023-07-25,32.8,23.3,0.0,28.049999999999997
2023-07-26,30.6,25.0,1.3,27.8
2023-07-27,34.4,25.6,0.0,30.0
2023-07-28,35.0,25.0,0.0,30.0
2023-07-29,35.0,25.6,0.0,30.3
2023-07-30,33.9,25.0,0.5,29.45
2023-07-31,33.9,24.4,0.0,29.15
2023-08-01,32.8,25.6,0.0,29.2
2023-08-02,34.4,24.4,0.0,29.4
2023-08-03,34.4,26.7,0.0,30.549999999999997
2023-08-04,30.0,22.8,3.0,26.4
2023-08-05,36.7,25.0,0.0,30.85
2023-08-06,33.3,23.9,0.0,28.599999999999998
2023-08-07,29.4,23.9,1.5,26.65
2023-08-08,29.4,22.2,1.0,25.799999999999997
2023-08-09,28.3,20.0,27.4,24.15
2023-08-10,27.2,20.0,27.7,23.6
2023-08-11,34.4,23.3,0.0,28.85
2023-08-12,33.3,26.7,0.0,30.0
2023-08-13,34.4,26.1,0.0,30.25
2023-08-14,34.4,24.4,0.0,29.4
2023-08-15,27.8,20.0,0.0,23.9
2023-08-16,28.9,18.9,0.0,23.9
2023-08-17,31.1,18.9,0.0,25.0
2023-08-18,32.8,22.2,0.0,27.5
2023-08-19,35.0,21.7,0.0,28.35
2023-08-20,36.1,23.3,0.0,29.700000000000003
2023-08-21,36.7,25.0,0.0,30.85
2023-08-22,36.1,26.7,0.0,31.4
2023-08-23,37.2,27.2,0.0,32.2
2023-08-24,37.8,26.7,0.0,32.25
2023-08-25,38.9,26.7,0.0,32.8
2023-08-26,38.9,25.6,0.3,32.25
2023-08-27,30.6,22.8,10.4,26.700000000000003
2023-08-28,31.7,22.8,0.3,27.25
2023-08-29,30.6,20.6,0.0,25.6
2023-08-30,31.1,19.4,0.0,25.25
2023-08-31,28.9,17.2,0.0,23.049999999999997
2023-09-01,30.6,18.3,0.0,24.450000000000003
2023-09-02,30.0,23.9,0.0,26.95
2023-09-03,33.3,23.3,0.3,28.299999999999997
2023-09-04,36.1,23.3,3.0,29.700000000000003
2023-09-05,33.3,22.8,0.0,28.049999999999997
2023-09-06,33.3,22.2,24.6,27.75
2023-09-07,30.6,20.0,0.0,25.3
2023-09-08,28.9,18.9,0.0,23.9
2023-09-09,28.9,18.9,0.0,23.9
2023-09-10,30.0,16.7,0.0,23.35
2023-09-11,31.1,18.9,0.0,25.0
2023-09-12,24.4,20.6,0.0,22.5
2023-09-13,28.9,20.6,0.0,24.75
2023-09-14,27.8,18.9,0.0,23.35
2023-09-15,30.0,16.1,0.0,23.05
2023-09-16,30.0,17.8,0.0,23.9
2023-09-17,29.4,16.7,0.0,23.049999999999997
2023-09-18,28.3,15.6,0.0,21.95
2023-09-19,30.6,16.7,0.0,23.65
2023-09-20,30.0,18.3,13.5,24.15
2023-09-21,31.7,19.4,0.0,25.549999999999997
2023-09-22,30.6,20.6,0.0,25.6
2023-09-23,32.8,20.6,0.0,26.7
2023-09-24,28.3,21.7,0.0,25.0
2023-09-25,32.8,21.7,0.0,27.25
2023-09-26,33.3,18.3,0.0,25.799999999999997
2023-09-27,34.4,20.6,0.0,27.5
2023-09-28,33.3,21.7,0.0,27.5
2023-09-29,33.3,20.0,0.0,26.65
2023-09-30,33.9,20.6,0.0,27.25
2023-10-01,33.3,20.0,0.0,26.65
2023-10-02,32.8,21.7,0.0,27.25
2023-10-03,32.2,19.4,0.0,25.8
2023-10-04,26.1,19.4,0.0,22.75
2023-10-05,23.3,18.9,7.9,21.1
2023-10-06,27.2,13.9,0.0,20.55
2023-10-07,20.0,8.3,0.0,14.15
2023-10-08,22.2,7.2,0.0,14.7
2023-10-09,28.3,12.2,0.0,20.25
2023-10-10,28.3,13.9,0.0,21.1
2023-10-11,23.9,16.1,0.0,20.0
2023-10-12,25.0,13.9,0.0,19.45
2023-10-13,25.0,18.9,0.0,21.95
2023-10-14,21.1,12.8,0.0,16.950000000000003
2023-10-15,17.8,10.6,0.0,14.2
2023-10-16,20.0,7.2,0.0,13.6
2023-10-17,23.3,7.8,0.0,15.55
2023-10-18,25.6,8.9,0.0,17.25
2023-10-19,27.8,14.4,0.0,21.1
2023-10-20,27.2,12.8,0.0,20.0
2023-10-21,30.6,9.4,0.0,20.0
2023-10-22,26.1,14.4,0.0,20.25
2023-10-23,30.6,15.6,0.0,23.1
2023-10-24,30.0,20.6,0.0,25.3
2023-10-25,29.4,17.8,0.0,23.6
2023-10-26,29.4,17.8,0.0,23.6
2023-10-27,28.3,20.6,0.8,24.450000000000003
2023-10-28,26.7,17.8,7.4,22.25
2023-10-29,18.9,8.9,10.7,13.899999999999999
2023-10-30,9.4,3.3,13.2,6.35
2023-10-31,11.7,0.6,0.0,6.1499999999999995
2023-11-01,11.7,-1.0,0.0,5.35
2023-11-02,16.7,0.6,0.0,8.65
2023-11-03,20.6,3.9,0.0,12.25
2023-11-04,23.9,7.2,0.0,15.549999999999999
2023-11-05,26.1,8.9,0.0,17.5
2023-11-06,27.2,12.2,0.0,19.7
2023-11-07,28.3,17.8,0.0,23.05
2023-11-08,28.9,18.3,0.0,23.6
2023-11-09,21.7,10.0,22.9,15.85
2023-11-10,18.3,8.9,1.0,13.600000000000001
2023-11-11,19.4,8.3,0.0,13.85
2023-11-12,21.7,7.8,0.0,14.75
2023-11-13,21.7,6.1,0.0,13.899999999999999
2023-11-14,21.1,11.7,0.0,16.4
2023-11-15,19.4,13.9,0.0,16.65
2023-11-16,21.7,12.2,0.0,16.95
2023-11-17,18.9,13.9,0.5,16.4
2023-11-18,17.2,6.1,0.0,11.649999999999999
2023-11-19,19.4,3.3,0.0,11.35
2023-11-20,17.2,11.1,39.1,14.149999999999999
2023-11-21,13.3,8.3,0.0,10.8
2023-11-22,11.7,3.9,0.0,7.8
2023-11-23,15.0,1.7,0.0,8.35
2023-11-24,16.1,6.7,0.0,11.4
2023-11-25,14.4,2.8,0.0,8.6
2023-11-26,12.8,1.1,1.3,6.95
2023-11-27,9.4,-1.6,0.0,3.9000000000000004
2023-11-28,10.6,0.0,0.0,5.3
2023-11-29,17.2,0.6,0.0,8.9
2023-11-30,14.4,5.0,11.9,9.7
2023-12-01,20.0,7.2,13.0,13.6
2023-12-02,18.3,8.9,0.0,13.600000000000001
2023-12-03,17.2,7.8,0.0,12.5
2023-12-04,12.2,2.8,0.0,7.5
2023-12-05,17.2,1.7,0.0,9.45
2023-12-06,12.2,2.2,0.0,7.199999999999999
2023-12-07,16.7,3.3,0.0,10.0
2023-12-08,18.3,7.8,0.8,13.05
2023-12-09,22.8,9.4,18.0,16.1
2023-12-10,10.0,0.0,0.0,5.0
2023-12-11,13.3,-1.6,0.0,5.8500000000000005
2023-12-12,16.7,1.7,0.0,9.2
2023-12-13,17.2,3.3,0.0,10.25
2023-12-14,19.4,3.9,0.0,11.649999999999999
2023-12-15,20.0,6.7,0.0,13.35
2023-12-16,13.9,7.8,1.0,10.85
2023-12-17,12.2,2.8,0.0,7.5
2023-12-18,11.1,1.7,0.0,6.3999999999999995
2023-12-19,9.4,-1.6,0.0,3.9000000000000004
2023-12-20,12.2,1.7,0.0,6.949999999999999
2023-12-21,15.0,2.2,0.0,8.6
2023-12-22,18.9,4.4,0.0,11.649999999999999
2023-12-23,18.9,11.7,8.6,15.299999999999999
2023-12-24,18.3,12.2,2.8,15.25
2023-12-25,16.1,6.1,21.8,11.100000000000001
2023-12-26,12.2,1.7,0.0,6.949999999999999
2023-12-27,12.2,0.6,0.0,6.3999999999999995
2023-12-28,7.8,1.7,0.0,4.75
2023-12-29,4.4,2.2,0.0,3.3000000000000003
2023-12-30,11.7,0.0,0.0,5.85
2023-12-31,16.1,2.2,0.0,9.15
